comment_id,reply_to_which_comment,user_id,username,nick_name,comment,like_count,author_liked,reply_count,pinned_to_top,user_homepage,comment_time
7654872588178686736,,6908362551433790465,redvelvet_633,Rosemarry,Memberi makan anak2 adalah tugas orang tua. Tugas negara adalah memastikan orangtuanya memiliki penghasilan yg layak,36187,FALSE,80,FALSE,https://www.tiktok.com/@redvelvet_633,2026/06/24 15:15
7654868398396375809,,6958959552914588673,septyanb25,Leucistic25,dulu g ada mbg saya masi hidup sampe skrng,65276,FALSE,66,FALSE,https://www.tiktok.com/@septyanb25,2026/06/24 14:59
7654971098559333127,7654868398396375809,6792016591854797825,fasalalala,fasal,@Raspatiwww | Versetile gakuat aku😭,0,FALSE,0,FALSE,https://www.tiktok.com/@fasalalala,2026/06/24 21:37
7654986045922804487,7654868398396375809,7353712007407272966,indnaafsy,pasyaa♡,top komen😭,0,FALSE,0,FALSE,https://www.tiktok.com/@indnaafsy,2026/06/24 22:35
7654986542839481109,7654868398396375809,6839684244685538306,erinadk,erin,deym,0,FALSE,0,FALSE,https://www.tiktok.com/@erinadk,2026/06/24 22:37
7654987348631782152,7654868398396375809,7210258747233764370,panggilniaajahaya,suneoneo_,"ak aw seng kuliah ga oleh mbg, yo ga mati pak😭🙏🏻",0,FALSE,0,FALSE,https://www.tiktok.com/@panggilniaajahaya,2026/06/24 22:40
7654986120006959880,7654868398396375809,7353712007407272966,indnaafsy,pasyaa♡,@udangkeju @aniseliyana @sofiathefirst @suneoneo_ 😭,0,FALSE,0,FALSE,https://www.tiktok.com/@indnaafsy,2026/06/24 22:35
7655002613088502548,7654868398396375809,6899607465345336321,ly.fryirs,Frisz,pendek banget pikiran lu,0,FALSE,0,FALSE,https://www.tiktok.com/@ly.fryirs,2026/06/24 23:40
7655003192312464129,7654868398396375809,6854097582038598657,masayoshisunao,Ujang Nuklir ☢️,bener lagi,0,FALSE,0,FALSE,https://www.tiktok.com/@masayoshisunao,2026/06/24 23:42
7655003911006421778,7654868398396375809,6761892116399850498,nurainun_official,Nurainun_official,Bnyak yg mati kelaparan. Km aja yg cuek nggap punya hati lihat bnyak org di luar sna sedang berjuang cri makan untuk hri ini kalau nggak makan yah bsok,0,FALSE,0,FALSE,https://www.tiktok.com/@nurainun_official,2026/06/24 23:44
7655007779589276434,7654868398396375809,6772909203075056641,arjodijodi,Arjodi Jodi,😭gk gitu konsep ny dongo,0,FALSE,0,FALSE,https://www.tiktok.com/@arjodijodi,2026/06/24 23:59
7655010100373750546,7654868398396375809,7552031854220952597,teralalalululi,PerKontrolan,yg komen lu lucu² banget sumpah wkwkw,0,FALSE,0,FALSE,https://www.tiktok.com/@teralalalululi,2026/06/25 00:08
7655030796403966727,7654868398396375809,7092489727467095041,cranbrries_,🐣✨️,NAHH,0,FALSE,0,FALSE,https://www.tiktok.com/@cranbrries_,2026/06/25 01:29
7655106833150313232,7654868398396375809,6958959552914588673,septyanb25,Leucistic25,"tanya bapaknya yang cari nafkah. tugas negara itu MENCERDASKAN ,dan ngasi lapangan kerja buat orang tuanya biar ga kelaparan. BUKAN NGASIH MAKAN. ada mbg pula stunting malah naik , malah pejabatnya yang makin gendut 🤣",0,FALSE,0,FALSE,https://www.tiktok.com/@septyanb25,2026/06/25 06:25
7655078634851697428,7654868398396375809,7511942860700173332,filzah025,Izqhwvy_,bagaimana murid yg kelaparan di rumahnya karna ekonomi?,0,FALSE,0,FALSE,https://www.tiktok.com/@filzah025,2026/06/25 04:35
7655122169626919701,7654868398396375809,7446750587230635026,akshdkwlsun,IceCoffee☕,wkwk bahasa indo kaga lulus bang?,0,FALSE,0,FALSE,https://www.tiktok.com/@akshdkwlsun,2026/06/25 07:24
7655107252513014545,7654868398396375809,6958959552914588673,septyanb25,Leucistic25,yaa makan mu di atur. jangan banyakan jajan dari pada nasinya 😅,0,FALSE,0,FALSE,https://www.tiktok.com/@septyanb25,2026/06/25 06:27
7655023904045761300,7654868398396375809,7446750587230635026,akshdkwlsun,IceCoffee☕,"saya kak, saya emg ga mati, tapi bb turun 7kg gara2 gabisa makan karna lebi mentingin bensin",0,FALSE,0,FALSE,https://www.tiktok.com/@akshdkwlsun,2026/06/25 01:02
7655176295836812049,7654868398396375809,6958959552914588673,septyanb25,Leucistic25,kamu laper ?,0,FALSE,0,FALSE,https://www.tiktok.com/@septyanb25,2026/06/25 10:55
7655169909056340757,7654868398396375809,7640097622266971156,lady64181,Lady,krna kamu mampu ka 🙏🏻,0,FALSE,0,FALSE,https://www.tiktok.com/@lady64181,2026/06/25 10:29
7655179125640004360,7654868398396375809,6795875076263134210,margakimv,margakimv,"jama sekarang mati bukan karena kelaparan ,kebanyakan kebanyakan makan jadi banyak sakit ,, iya kan",0,FALSE,0,FALSE,https://www.tiktok.com/@margakimv,2026/06/25 11:04
7654877592172299016,7654868398396375809,7418377262192722949,dellacruxx,dellacruxx,[Sticker] ,1,FALSE,0,FALSE,https://www.tiktok.com/@dellacruxx,2026/06/24 15:34
7654880880792716053,7654868398396375809,7355330069336704006,dazelynuts,zelyn,"yang kelaparan dapet mbg ga gw tanya? yang meninggal akibat kelaparan bukan anak sekolah, tapi orang miskin ekstrem!",1,FALSE,0,FALSE,https://www.tiktok.com/@dazelynuts,2026/06/24 15:47
7654883337840411413,7654868398396375809,6959207842205975558,rizalferfiyandi,rizalferdinand,"enggak ada tuh, yang ada banyak yang meninggal di bunuh sama ekonomi 😁",1,FALSE,0,FALSE,https://www.tiktok.com/@rizalferfiyandi,2026/06/24 15:57
7654884822716580626,7654868398396375809,7436331235071427640,imannata.mo,Imannata,yang keracunan mbg sampai meninggal ada 😁,1,FALSE,0,FALSE,https://www.tiktok.com/@imannata.mo,2026/06/24 16:02
7654886879754109704,7654868398396375809,6514117544801189889,yogurteaaaa,ddddell,Bner cuma skrg smuanya harga mahal,2,FALSE,0,FALSE,https://www.tiktok.com/@yogurteaaaa,2026/06/24 16:10
7654892957498196743,7654868398396375809,7563262367857918983,menyenyeq,emey,apasiii mbg sehari sekali menu banyak yg nggak proper berasaa penyelamat banget,1,FALSE,0,FALSE,https://www.tiktok.com/@menyenyeq,2026/06/24 16:34
7654909975660331794,7654868398396375809,7478310925453345810,gutmorningpineapple,khaza,jadi maunya sekarang makan anak orang itu yg jadi tanggungjawab pemerintah?,1,FALSE,0,FALSE,https://www.tiktok.com/@gutmorningpineapple,2026/06/24 17:40
7654952838673498881,7654868398396375809,6958959552914588673,septyanb25,Leucistic25,"ga dapet apa2 gemana 😅. gaji guru lu di sekolah di gaji pake pajak,. lu naik motor ada aspalnya itu dari pajak. lewatin jembatan itu dari pajakk. isi bensin pertalite ada subsidinya itu dari pajak. ini soal kebijakan mbg yang bukan prioritas di indonesia yang alhasil di jadikan proyek pesta korupsi sama para penguasa. anggaran sebegitu besarnya nyampe di anak2 cuma 8000-13000 ? kasi ke ortu 30.000 perhari lebih worit kalau memang anggaranya untuk gizi bukan buat ladang korupsi penguasa . negara sengaja di bikin bodoh supaya tidak ada orang kritis, dan banyak orang dungu seperti di bawah saya , yang tidak faham analogi pancing dan ikan 🤣",1,FALSE,0,FALSE,https://www.tiktok.com/@septyanb25,2026/06/24 20:27
7654946815607620359,7654868398396375809,6709266556332278786,sepoy062,Mamagwen,"Dari dulu bayar pajak, tapi g dpt apa2. Skg sama bayar pajak. Tapi banyak anak2 merasakan pajak itu.",0,FALSE,0,FALSE,https://www.tiktok.com/@sepoy062,2026/06/24 20:03
7654889878309077778,7654868398396375809,6681146963537380354,fkvlraf,rafi genta,kok yang ini memenya ga dikirim ke ak,1,FALSE,0,FALSE,https://www.tiktok.com/@fkvlraf,2026/06/24 16:22
7654888028959884039,7654868398396375809,6781703285365490690,sarangseuroun,苟尔淋 🌻,,2,FALSE,0,FALSE,https://www.tiktok.com/@sarangseuroun,2026/06/24 16:15
7654887491371336455,7654868398396375809,6892159214421312514,investmannn,CacingNaga,"tpi kan mbgnya untuk anak"" yang membutuhkan bukan semua rakyat kecil 😭",7,FALSE,0,FALSE,https://www.tiktok.com/@investmannn,2026/06/24 16:13
7654884710434947847,7654868398396375809,6541954577087119362,rafcuu,Rafcu,"bang, lu blg kan lapangan pekerjaan, itu mbg udah ngasih lapangan pekerjaan juga , bukan cuman ngasih makan doang,
terus stabilitasi ekonomi..
mbg juka bikin ekonomi dibawah juga jalan, tpi emng beberapa oknum yang bikin program mbg ini seperti cacat karena buat keuntungan diri sendiri",4,FALSE,0,FALSE,https://www.tiktok.com/@rafcuu,2026/06/24 16:02
7654924343453729554,7654868398396375809,6844706920692515841,zizi.gundo,zizizizizizizizi,ya dri dlu emng ad lpngan pekerjaan tpi lu aja yang malas,0,FALSE,0,FALSE,https://www.tiktok.com/@zizi.gundo,2026/06/24 18:36
7654876753433101057,7654868398396375809,6852162281774990341,frietzzderic,frieky,"solusinya ya stabilin ekonomi, lapangan kerja, pendidikan, bukan malah ngasi makan",30,FALSE,0,FALSE,https://www.tiktok.com/@frietzzderic,2026/06/24 15:31
7654872137731605255,7654868398396375809,7613779901347283988,izinn_gais,Cancerbe,trus solusinya ap,2,FALSE,0,FALSE,https://www.tiktok.com/@izinn_gais,2026/06/24 15:13
7654872726084059925,7654868398396375809,6934735574558655490,avoidantlastboss,Abcd123,"salah satunya iya. kita jujur aja ini program bagus, cuma yang jalankan dan pemrosesan nya aja yang tol0l",4,FALSE,0,FALSE,https://www.tiktok.com/@avoidantlastboss,2026/06/24 15:16
7654871943338853140,7654868398396375809,7081638291044828162,febriiansy_,febrinurahman,terus solusi nya mbg gitu?,43,FALSE,0,FALSE,https://www.tiktok.com/@febriiansy_,2026/06/24 15:13
7654934091800970000,7654868398396375809,6958959552914588673,septyanb25,Leucistic25,[Sticker] ,0,FALSE,0,FALSE,https://www.tiktok.com/@septyanb25,2026/06/24 19:14
7654933730016805640,7654868398396375809,6841166485298463746,ydngrptr,Yudaa,[Sticker] ,6,FALSE,0,FALSE,https://www.tiktok.com/@ydngrptr,2026/06/24 19:12
7655130213256266516,7654868398396375809,7240631842704245765,cristiano.renaldo37,Cristiano renaldo 🇵🇹,"harusnya kaya gubernur Malut, yg d ksi perahu klo d rawat dngan baik bisa d wariskan k anak cucu...😁",1,FALSE,0,FALSE,https://www.tiktok.com/@cristiano.renaldo37,2026/06/25 07:55
7654927905596343061,7654868398396375809,7369936473116050437,ahsuraindra,ahsuraindra,"Yang dibutuhkan tubuh ya ikan, tapi kalo gada alat pancing ya gadapet ikan.",38,FALSE,0,FALSE,https://www.tiktok.com/@ahsuraindra,2026/06/24 18:50
7654958101037482760,7654868398396375809,7305988029632939015,habiby_zamy,hbbzamy,mending ngelap ompreng yg bersih biar higienis😹,4,FALSE,0,FALSE,https://www.tiktok.com/@habiby_zamy,2026/06/24 20:47
7654927670433628946,7654868398396375809,6810210238463443969,m.nsym,nms,APASIH lu maunya yang instan semua,17,FALSE,0,FALSE,https://www.tiktok.com/@m.nsym,2026/06/24 18:49
7655120527761244948,7654868398396375809,7475437092220470279,nihon_daisukihmm,Okkotsu kouchan,"alat pancing, karna bisa nangkap ikan, klo dikasih ikan, ikan itu akan habis dan klo ikannya unlimited alias ga abis² maka orang yg dapat itu ga akan pernah belajar apa itu berusaha, menghargai jirih payah, semena mena karna apa yg dia inginkan sudah ada tanpa harus mengeluarkan usaha. klo lu jenius harusnya lu bisa paham maksud gw, klo sebaliknya yah... wasallam karna rata² trnyata otak lu sama kaya kebanyakan orang Indonesia lainnya yg gampang dimanipulasi dan bisa dikelabui dengan iming² sembako padahal mereka menukarkan nasib mereka dengan penderitaan/tekanan dari pihak yg diatas selama 5 tahun lamanya",0,FALSE,0,FALSE,https://www.tiktok.com/@nihon_daisukihmm,2026/06/25 07:22
7655107686048842497,7654868398396375809,6958959552914588673,septyanb25,Leucistic25,✔️,0,FALSE,0,FALSE,https://www.tiktok.com/@septyanb25,2026/06/25 06:28
7655047791509472008,7654868398396375809,6948156612943971330,xyz.x666,Jenat,"harusnya sih alat pancing. disini gunanya alat pancing bukan hanya untuk alat memancing, tapi peralatan atau tempat untuk mencari kerja/makan.",1,FALSE,0,FALSE,https://www.tiktok.com/@xyz.x666,2026/06/25 02:35
7654940562118542101,7654868398396375809,6956830263083123713,lucky_chrono,￴,Terus yang hidupnya jauh dari laut mau mancing dimana ? di got ? atau bak mandi ?,0,FALSE,0,FALSE,https://www.tiktok.com/@lucky_chrono,2026/06/24 19:39
7655166660735501064,7654868398396375809,7526339058038260753,suryadi19195,suryadi,"ga bakal ngerti mereka kak, semasih influencer jualan kelas masih laku. dukun dan pesugihan masih banyak.",0,FALSE,0,FALSE,https://www.tiktok.com/@suryadi19195,2026/06/25 10:16
7654988622831567636,7654868398396375809,7231969602883535899,jetequil.a,king julie,[Sticker] ,4,FALSE,0,FALSE,https://www.tiktok.com/@jetequil.a,2026/06/24 22:45
7654935637632467730,7654868398396375809,7101285307391935515,kakeiiz,ꍠ 𝐊𝐄𝐈𝐈,"dan ga semua org mau mancing dan bisa mancing, tapi punya anak",2,FALSE,0,FALSE,https://www.tiktok.com/@kakeiiz,2026/06/24 19:20
7654942840568546066,7654868398396375809,7251606377311290373,iklanprodukmu_id,IKLAN PRODUKMU,analogi apa ini?😂,2,FALSE,0,FALSE,https://www.tiktok.com/@iklanprodukmu_id,2026/06/24 19:48
7654945638420923157,7654868398396375809,6830044510049108993,funkott2_,Funkot,alat pancinglah biar dapet ikan,3,FALSE,0,FALSE,https://www.tiktok.com/@funkott2_,2026/06/24 19:58
7654937336321278740,7654868398396375809,6852593021566338049,rrr4rq,zzzz,"kalo dikasih ikan yg sama mulu kapan mandirinya, mending dikasih pancing, lu atur lah mau nangkep ikan yang mana",19,FALSE,0,FALSE,https://www.tiktok.com/@rrr4rq,2026/06/24 19:26
7655153709039633159,7654868398396375809,7015251947948540929,yoo21k,Yoo21,Pemerintah sudah kasih ikan dan alat pancingnya kak. Liat aja program MBG selain memberi makan juga membuka lapangan pekerjaan 🙏,1,FALSE,0,FALSE,https://www.tiktok.com/@yoo21k,2026/06/25 09:26
7654906706870829831,7654868398396375809,7081200204318082075,kaptenhrj,beat karbu pink,mending kasih ortunya alat pancing biar dicarikan ikan sm ortunya,45,FALSE,0,FALSE,https://www.tiktok.com/@kaptenhrj,2026/06/24 17:27
7654930762702095122,7654868398396375809,6835866737172743170,sipaaul_,Cip.,Wkwkwk bloon,1,FALSE,0,FALSE,https://www.tiktok.com/@sipaaul_,2026/06/24 19:01
7654918939881194260,7654868398396375809,7325437815549133829,carmemorable,carmemorable,"masa mau sampe mati dikasih terus, mikir lh",22,FALSE,0,FALSE,https://www.tiktok.com/@carmemorable,2026/06/24 18:15
7654916981568799508,7654868398396375809,7049202213834720258,rzkfmnsh,ikyslv,di kasih ikan 1 kg .klo mancing dapet 2 kg😂 kok sed0ngok itu bela p3merintah😂,56,FALSE,0,FALSE,https://www.tiktok.com/@rzkfmnsh,2026/06/24 18:07
7654902970416448272,7654868398396375809,7138391016466252826,clucu,iel,apaansihh 😭,2,FALSE,0,FALSE,https://www.tiktok.com/@clucu,2026/06/24 17:13
7654909174221062933,7654868398396375809,6958591555184477186,seirotonin,𝓐𝓲 🩷,wkwkwk,1,FALSE,0,FALSE,https://www.tiktok.com/@seirotonin,2026/06/24 17:37
7654873237968667412,7654868398396375809,6934735574558655490,avoidantlastboss,Abcd123,"tergantung, lagi punya ikan atau punya pancing? atau malah punya 2 2 nya?",1,FALSE,0,FALSE,https://www.tiktok.com/@avoidantlastboss,2026/06/24 15:18
7655002925933036309,7654868398396375809,6899607465345336321,ly.fryirs,Frisz,mancing,0,FALSE,0,FALSE,https://www.tiktok.com/@ly.fryirs,2026/06/24 23:41
7654922413642384135,7654868398396375809,7206298095268152346,hrfbrnsyh,Hery Febriansyah,Kalo ada mgb kenapa alat pancing,0,FALSE,0,FALSE,https://www.tiktok.com/@hrfbrnsyh,2026/06/24 18:28
7654943495435109140,7654868398396375809,7271862039566844933,idneessy,sincly,buzzer 500 perak,0,FALSE,0,FALSE,https://www.tiktok.com/@idneessy,2026/06/24 19:50
7654962653748904712,7654868398396375809,7173608588748227610,ramlo_a,ram,[Sticker] lah nyabu ya,0,FALSE,0,FALSE,https://www.tiktok.com/@ramlo_a,2026/06/24 21:04
7654938406033785621,7654868398396375809,7322426524769780742,hyuuuga551,hyuuuga,[Sticker] bukan keren lagi dekkk😭 itu manfaat ga mkan mbg jdi fikirannya cerdas,8,FALSE,0,FALSE,https://www.tiktok.com/@hyuuuga551,2026/06/24 19:30
7654919307441734401,7654868398396375809,6926024046207632386,kamoechelaludihati,11.04                 ᯤ 𓈆 22%,komen sambil nyoli nih orang 😹,9,FALSE,0,FALSE,https://www.tiktok.com/@kamoechelaludihati,2026/06/24 18:16
7654917196783797012,7654868398396375809,7077002086374081562,altabwahpisang,Altod's Cafe,"keren lahh, lo keren?? 😂",56,FALSE,0,FALSE,https://www.tiktok.com/@altabwahpisang,2026/06/24 18:08
7654913413105222407,7654868398396375809,6822878121135358978,youngmeeelo,ؘ,pasti ngerasa keren ya komen begini,14,FALSE,0,FALSE,https://www.tiktok.com/@youngmeeelo,2026/06/24 17:53
7655170150115132181,7654868398396375809,7490592682998744082,mashp0tat0ez,dey,"Udah tau kerjaan susah, berarti yang lebih penting LAPANGAN PEKERJAAN. Lu dikasih makan tapi ga dikasih duit buat hidup buat apa",1,FALSE,0,FALSE,https://www.tiktok.com/@mashp0tat0ez,2026/06/25 10:30
7655169947463680789,7654868398396375809,7490592682998744082,mashp0tat0ez,dey,Lupa nih sm efisiensi? Lupa sm phk massal? Itu karena apa kalo bukan mbg? Emang orang yg kehilangan pekerjaan itu semua dijamin dikasih pekerjaan di mbg?,1,FALSE,0,FALSE,https://www.tiktok.com/@mashp0tat0ez,2026/06/25 10:29
7654985563409531655,7654868398396375809,6552778718464196610,maymumay21,Mumay,"wkwkw sorry kalo emosi.. aku orang desa mah lebih milih manfaatin peluang aja udah, soalnya jaman sekarang banyak pengangguran bukan karna gak ada kerjaan, tapi milih2 kerja",0,FALSE,0,FALSE,https://www.tiktok.com/@maymumay21,2026/06/24 22:33
7654967371984438032,7654868398396375809,7463688906178937872,asal.ngonten9,Asal Ngonten,yg diserap pakah yg miskin??,1,FALSE,0,FALSE,https://www.tiktok.com/@asal.ngonten9,2026/06/24 21:23
7654965039639724821,7654868398396375809,7120858826535273499,mr.chocobee,Chocho,Coba nonton pendapatnya fatimah yg wakil bem UI kak. Ada jawaban buat pertanyaan ini,0,FALSE,0,FALSE,https://www.tiktok.com/@mr.chocobee,2026/06/24 21:14
7654958798394573584,7654868398396375809,6813306065779672065,tcands0,J,"gimana ekonomi bisa maju kalau di bilang ""yg penting kerja"" wkwkwk negara maju mana yg nerapin sistem ini gue tanya nyet? emosi banget gue bacanya 😭",18,FALSE,0,FALSE,https://www.tiktok.com/@tcands0,2026/06/24 20:50
7654957348666311431,7654868398396375809,6822660257391854594,yudiyulianto07,user8587017038410,Perbanyak literasi dulu baru bisa komen,18,FALSE,0,FALSE,https://www.tiktok.com/@yudiyulianto07,2026/06/24 20:44
7654954783400329992,7654868398396375809,6552778718464196610,maymumay21,Mumay,"yg penting ada kerjaan dulu lah kak, kerja di pabrik jg gak menjamin pabriknya nggk bangkrut, temenku kerja dipabrik borongan seminggu cuma digaji 200rb.. mending nyuci ompreng mah 100rb/hari😅",1,FALSE,0,FALSE,https://www.tiktok.com/@maymumay21,2026/06/24 20:34
7654953835043193608,7654868398396375809,6764024862502061057,rishaamlw,rishaamlw,"Project kak bukan tenaga kerja. Ganti presiden, ganti program jg ilang itu. Gak sustain..",51,FALSE,0,FALSE,https://www.tiktok.com/@rishaamlw,2026/06/24 20:30
7654952778716267271,7654868398396375809,6552778718464196610,maymumay21,Mumay,bukannya dg adanya mbg juga banyak menyerap tenaga kerja?,3,FALSE,0,FALSE,https://www.tiktok.com/@maymumay21,2026/06/24 20:26
7655140462088782613,7654868398396375809,7464240873447949328,arifin.buana,devi arifin,"kalau dikasih ikannya enak tinggal masak 😁, tapi kalau di kasih pancingnya kan lebih bisa berusaha lagi, dan dapat lebih banyak ikannya",1,FALSE,0,FALSE,https://www.tiktok.com/@arifin.buana,2026/06/25 08:34
7655060971752604424,7654868398396375809,6717908887284237313,ghiphang,ghiphang,[Sticker] dongok tingkat dhewa,6,FALSE,0,FALSE,https://www.tiktok.com/@ghiphang,2026/06/25 03:26
7655023920324608776,7654868398396375809,6681167576615273474,alogarrr,garr.,bocil fomo gatau analogi,14,FALSE,0,FALSE,https://www.tiktok.com/@alogarrr,2026/06/25 01:02
7654953574326108948,7654868398396375809,7213322915738977306,xsellgraves,E,"jaring itu ya alat buat nangkap, beda ama pancing yang nge bait",0,FALSE,0,FALSE,https://www.tiktok.com/@xsellgraves,2026/06/24 20:29
7654948823098704660,7654868398396375809,7213322915738977306,xsellgraves,E,beda,0,FALSE,0,FALSE,https://www.tiktok.com/@xsellgraves,2026/06/24 20:11
7654939499555013396,7654868398396375809,7203714864261825542,kagame034,iy,"lu dapet jaring dari mana, sedangkan lu cuman di kasih ikan doang😂",35,FALSE,0,FALSE,https://www.tiktok.com/@kagame034,2026/06/24 19:35
7654929439092523794,7654868398396375809,7080969755301659675,hydaa.f,Hydaa,"Lah jaringkan termaksud alat mancing, gimana dah",84,FALSE,0,FALSE,https://www.tiktok.com/@hydaa.f,2026/06/24 18:55
7654921349864899349,7654868398396375809,7213322915738977306,xsellgraves,E,"ikan, lah tanpa alat pancing masih bisa pake jaring",0,FALSE,0,FALSE,https://www.tiktok.com/@xsellgraves,2026/06/24 18:24
7654912248930157313,7654868398396375809,6827387546096452609,horikyou.ko,mindless titan,"analogi2 kek gini tuh ga akan masuk di akal mereka. yakin bgt mereka jwbnya ""mending ikan lah, gausah cape2"", krn org2 kek gitu pengen serba instan dan ga pernah mikir panjang, gaada niatan buat mandiri",137,FALSE,0,FALSE,https://www.tiktok.com/@horikyou.ko,2026/06/24 17:49
7654915874100921106,7654868398396375809,6793815447953081345,qcyvyi,no0ne,dongo nih komen,9,FALSE,0,FALSE,https://www.tiktok.com/@qcyvyi,2026/06/24 18:03
7654960224387056405,7654868398396375809,6819188849722311682,04wiiinnn,04wiiinnn,WKWKWK,0,FALSE,0,FALSE,https://www.tiktok.com/@04wiiinnn,2026/06/24 20:55
7654959867652686608,7654868398396375809,6958959552914588673,septyanb25,Leucistic25,lah ini lagi mancing biar rame wkwkwk,8,FALSE,0,FALSE,https://www.tiktok.com/@septyanb25,2026/06/24 20:54
7654959618011300629,7654868398396375809,6819188849722311682,04wiiinnn,04wiiinnn,"kurang tanda tanya bro, yg laen ga pada paham wkwk",10,FALSE,0,FALSE,https://www.tiktok.com/@04wiiinnn,2026/06/24 20:53
7654940835327656705,7654868398396375809,7457096725410644998,www.satria1,satria,"mantep kata"" nya bang👏 klo org pinter pasti jawaban nya alat pancing si",22,FALSE,0,FALSE,https://www.tiktok.com/@www.satria1,2026/06/24 19:40
7655215589090181896,7654868398396375809,7454424900561552390,sutikno.variasi,sutikno variasi,untuk jangka pendek ikan untuk jangka panjang pancik,0,FALSE,0,FALSE,https://www.tiktok.com/@sutikno.variasi,2026/06/25 13:26
7654930257212392210,7654868398396375809,6738765531605730305,sianielaf,Sheehan,MEREKA MANA PAHAM KAKK😂😂😂😂,39,FALSE,0,FALSE,https://www.tiktok.com/@sianielaf,2026/06/24 18:59
7654970985514369800,7654868398396375809,7104039781520589826,ishshdhdhehjeh15737,Jae,setujuuu butuh kail bukan ikan,9,FALSE,0,FALSE,https://www.tiktok.com/@ishshdhdhehjeh15737,2026/06/24 21:37
7654920028701606672,7654868398396375809,6958959552914588673,septyanb25,Leucistic25,apa jamet,25,FALSE,0,FALSE,https://www.tiktok.com/@septyanb25,2026/06/24 18:19
7654912057048974097,7654868398396375809,7567770380337923090,btjirlahram,Ramjettt,dunguk,7,FALSE,0,FALSE,https://www.tiktok.com/@btjirlahram,2026/06/24 17:49
7654876912490103573,7654868398396375809,7471515365278663735,arthurminael,Lewati💨,"masa iya dikasih ikan doang, ngga diajarin cara mancing wkwk ngakak gw sama penyepong pemerintah",2176,FALSE,0,FALSE,https://www.tiktok.com/@arthurminael,2026/06/24 15:32
7654872486732104449,7654868398396375809,6958959552914588673,septyanb25,Leucistic25,berarti yg di butuhin ikan atau alat pancing,1872,FALSE,0,FALSE,https://www.tiktok.com/@septyanb25,2026/06/24 15:15
7654872252630205204,7654868398396375809,6884151476316341250,felt.nice,i'm vengeance,"ga tuh, lebih banyak yg mati gara"" ga kerja trs gabisa makan",6699,FALSE,0,FALSE,https://www.tiktok.com/@felt.nice,2026/06/24 15:14
7654871178352116500,7654868398396375809,6934735574558655490,avoidantlastboss,Abcd123,"yang meninggal juga ada kak karena kelaparan, banyak pula",709,FALSE,0,FALSE,https://www.tiktok.com/@avoidantlastboss,2026/06/24 15:10
7654911695337505543,,6502579243313135617,nbllthfia,nabilaᰔ,drunk text lagi,73959,FALSE,69,FALSE,https://www.tiktok.com/@nbllthfia,2026/06/24 17:47
7654871967452119815,,6681893975324640257,annisafirst,annisa ♡,Ini serius presiden jalan pikirnya begini?,30148,FALSE,63,FALSE,https://www.tiktok.com/@annisafirst,2026/06/24 15:13
7654866886983500565,,6898276199219332098,kyylawrence_,zakyy.,bro kira kerjaan kita cuma makan😭,116841,FALSE,89,FALSE,https://www.tiktok.com/@kyylawrence_,2026/06/24 14:53
7654882558380393224,,7547506240244319240,boy31290,Jenda dianta ginting,"Izinn, terkesan anti kritik ya pak",16210,FALSE,44,FALSE,https://www.tiktok.com/@boy31290,2026/06/24 15:54
7654915529199371009,,6884164961721385985,minakitano12,Aannn,efek pidato prabowo dollar naik lagi😂,13257,FALSE,76,FALSE,https://www.tiktok.com/@minakitano12,2026/06/24 18:02
7654879705124061972,,7185551469289079835,yoda2415,Yochi.😸,ini presiden?,11080,FALSE,59,FALSE,https://www.tiktok.com/@yoda2415,2026/06/24 15:43
7654860995572155152,,6999082525800842241,markzy.y,Markzyyy,"padahal klo ekonomi stabil dan peluang kerja serta pendidikan terjamin, otomatis makan terjamin",60983,FALSE,88,FALSE,https://www.tiktok.com/@markzy.y,2026/06/24 14:31
7654879169714062100,,6798790986824631298,fifi.fzy,fiii,saya ga dapet mbg juga masi idup 😭,4934,FALSE,23,FALSE,https://www.tiktok.com/@fifi.fzy,2026/06/24 15:41
7654916120152228615,,6560472113331835919,anantakavya,🫀,"ini ilmu mudah bgt ya, kalo masih ada yg gak paham kebangetan, kalo kita ngeliat ada orang kelaparan, gak punya uang buat makan, jangan kita kasih ikan setiap hari, lama-lama tekor kita, tapi kita kasih alat pancing ikan, biar dia mancing sendiri, dapet ikan buat diri sendiri, dan ikannya bukan sekedar buat makan, tapi bisa dijual juga, jadi dari pihak kitanya gak beban dan pengeluaran banyak harus tiap hari ngasih ikan, dari orang yang kita tolong juga untung gak makan ikan terus-menerus, dan bisa dapet penghasilan dari usaha dia sendiri.
Poin dari cerita ini adalah daripada ngasih makanan tiap hari yang mana ngehabisin anggaran gede banget sampe potong anggaran lainnya sana sini, mending buat program yang memang bisa mempermudahkan rakyat Indonesia bekerja untuk dirinya sendiri, permudahlah jalannya, permudah lah lahannya.",5952,FALSE,62,FALSE,https://www.tiktok.com/@anantakavya,2026/06/24 18:04
7654873131186815762,,6924135696803464193,anjie_p17,Anjie_p17,"YA NAIKAN GAJI ORANG TUA, BIAR ORANG TUA BISA NGASIH MAKANAN BERGIZI.",3828,FALSE,21,FALSE,https://www.tiktok.com/@anjie_p17,2026/06/24 15:17
7654871354949763858,,6999178550168208386,puuaad,puad,"[Sticker] harusnya ini pillow talk sama buna teddy aja, gausa dibawa pidato",9010,FALSE,52,FALSE,https://www.tiktok.com/@puuaad,2026/06/24 15:10
7654861732737270549,,6937700968880800773,riswansco,riswansco,Gimana cara ngasih taunya? 😌,7985,FALSE,35,FALSE,https://www.tiktok.com/@riswansco,2026/06/24 14:33
7654877603610690311,,7557319644475474960,ysndraa,Ria ✨📚,"udah jelas ya ges ya, nggak akan berhenti programnya",5483,FALSE,16,FALSE,https://www.tiktok.com/@ysndraa,2026/06/24 15:34
7654868456743289620,,7555596120085808144,ariyaaak,Ariyaaak,"tu kan, di kasih tau pun, tetap pake POV sendiri",32657,FALSE,58,FALSE,https://www.tiktok.com/@ariyaaak,2026/06/24 14:59
7654860467323945748,,7489613883197555730,rrechaaw,rechaa,iq saya turun drastis,1181,FALSE,2,FALSE,https://www.tiktok.com/@rrechaaw,2026/06/24 14:28
7654877006535148289,,6924267950880080897,bukan.geyy,Geyy,"ya cari akar permasalahannya dari perut lapar. bahasa bayi deh, lapar -> tidak makan -> tidak ada uang.
brrti yg harus di benerin ya EKONOMINYA",1868,FALSE,48,FALSE,https://www.tiktok.com/@bukan.geyy,2026/06/24 15:32
7654940886421799687,,6909348393878422530,xixixique,queen_,ternyata kritik kita selama ini benar-benar gak didengar,1026,FALSE,36,FALSE,https://www.tiktok.com/@xixixique,2026/06/24 19:40
7654870215772095252,,7289121810301387781,derytua93,DeryTua,pidato ga ada isi nya.,3262,FALSE,13,FALSE,https://www.tiktok.com/@derytua93,2026/06/24 15:06