comment_id,author,text,time,votes,photo
Ugx-xP2aQx__a6TatN54AaABAg,@RAK-Corner,"Saya tahu yang bayar ""kontra demo"" karena sudah ada yang mengaku....",9 jam yang lalu,18,https://yt3.ggpht.com/oNJsralcIKwOc922FP9moJcEul5RNM0EuyAjqstjduwkNiuaGBNer4nO7kHFPjiKZV5cM10Z=s88-c-k-c0x00ffffff-no-rj
UgxCJTmyKYc8GAoQyRh4AaABAg,@SamsolhadiwiyonoSamsol,Jangan omon2 doang pah kalau tau tangkap perlihatkan ke rahyatnya biar faham siapa yg betul2 cinta tanah air salam buat Prabowo ❤❤❤,9 jam yang lalu,25,https://yt3.ggpht.com/ytc/AIdro_kSGfJDEc-ehaGCvwnyuNBr8kfhML-Yew76Nj8hUUSrrke4-fZIU5cLYjQMy1xZcxRHzA=s88-c-k-c0x00ffffff-no-rj
UgzRf0m4xV1XqdIwbk54AaABAg,@AkuNadi7814,"buat P.Prabowo,
ini bkn sekedar demo & yg bayar demo tp ttg kekecewaan & kemarahan rakyat.",6 jam yang lalu,4,https://yt3.ggpht.com/ytc/AIdro_njMp9P5pDrqRaj4oHRodXslSma01EB2tIA4mBbGR7rDJoi92M1smujcI3N84wSKYdkGA=s88-c-k-c0x00ffffff-no-rj
UgzwiYHK16HZvo6sqk54AaABAg,@Mafudin-z5g,Tangkap dong kalau benar tahu yang bayar,8 jam yang lalu,11,https://yt3.ggpht.com/ytc/AIdro_mNEAv5MPjwUYT_oMN-I_oKxZXRDcwTzQ5m2dLC8BLZIN_r2XL_arB8rM0NkGGWBLQJXQ=s88-c-k-c0x00ffffff-no-rj
UgwlXMMnAabgSezPlrx4AaABAg,@trimulyono9242,"Akhirnya Mahasiswa tahu bahwa di dalam demo itu seperti itu.
Masyarakat harus hati hati dan waspada apabila mengikuti demo yg didalamnya tidak baik.",6 jam yang lalu,3,https://yt3.ggpht.com/ytc/AIdro_neBGSJ6dbSa-t8O19WuKvnSs2-x96qiZVid5SaWdc=s88-c-k-c0x00ffffff-no-rj
UgwXRL-oCovRetPT9UJ4AaABAg,@dwikurniawan66,Cari yang demo bayaran ketemu sama Fufufafa!,9 jam yang lalu,18,https://yt3.ggpht.com/ytc/AIdro_nY5i1argfv_TCe4ESC6tpD-qZ3bNyFEEg0a-Io15cSjg=s88-c-k-c0x00ffffff-no-rj
UgyBD66AwN0L5kW-_Z54AaABAg,@Boymin-g9o,"Siapa pak yg bayarin demo?,siapa yang bertemu dengan pendemo bayaran begitu mudahnya.",9 jam yang lalu,10,https://yt3.ggpht.com/Hi5ArVenkKq9w25vcgnl_Fn0ZBbha67rAJaZQkNj64yT_gWJ6FeJw2cu4rdaRv_k-RXWF_dL=s88-c-k-c0x00ffffff-no-rj
Ugys61ubmo7EawhL6rV4AaABAg,@RamaDani-z5u,"Peresident paling iklas buat,rakyat dan negara,ekspor 1 pintu,menuju indonesia emas emas emas,alam indonesia,milik NKRI,bukan oligarki,jaya indonesia jaya jaya jaya",6 jam yang lalu,6,https://yt3.ggpht.com/ytc/AIdro_nda3NuW4HXFz11TFja6elUTDgEB9wuwjLWBcCho3VqWai3G3DxOL09_d1cje349l3kKw=s88-c-k-c0x00ffffff-no-rj
Ugw-CMoPj2yy7_uYPEt4AaABAg,@ahmadwirasaputra3464,"Kalau tahu bertindak bukan Omon-omon terus!!!! 
4 kali gagal jadi bisnisnya mandeg makanya ingin berkuasa agar bisa berbisnis dgn lancar!!!",8 jam yang lalu,8,https://yt3.ggpht.com/lD2p9jk7OKV-Brz1_UTgfbNk0D0dIfFKRs-WouxEERQJOsbnss9Ag2uK-CcbRChdJggPJtmP_ik=s88-c-k-c0x00ffffff-no-rj
UgxPAsyfy-W17X_b0Il4AaABAg,@HitoriLukitasari,"Kalau tahu,,cpt tangkp pak",8 jam yang lalu,9,https://yt3.ggpht.com/ytc/AIdro_lIVZruWSvlKaxkn57-rQU_C05R3t9jAWHU60AtJYLV6jMdWWwFgedf-dP7oDI9GjrVqw=s88-c-k-c0x00ffffff-no-rj
UgwXvV2Dmxg71kgkX-d4AaABAg,@KandupeRizal,Pasti Gibran yg di tuduh nanti sama gerombolan Dajjal,9 jam yang lalu,6,https://yt3.ggpht.com/ytc/AIdro_m4jJbEjL0SIaIOtfApQMcEAEbnC-hAy2naWEzpzZ-wcWvyVBEhmP2ZNn6PyBDPQpvKQA=s88-c-k-c0x00ffffff-no-rj
Ugyzix0FYlQb7wlf_9F4AaABAg,@BudiSpt-e7z,Tangkap pak org yg byar demo,8 jam yang lalu,8,https://yt3.ggpht.com/ytc/AIdro_lrHWTbFqZoDU9M3ff8W1iLLWIXHPXeSom1GjKU4xvUrnPxLAvT-ZnE0hGd6wW5uxS3EA=s88-c-k-c0x00ffffff-no-rj
UgxqTTkKO5k1yrWR9Al4AaABAg,@MamirMpur,Lucu Keegoisan seorang pemimpin Sangat Jelas Sekali untuk menutup kejahatan birokrasi 😂😂😂,5 jam yang lalu (diedit),2,https://yt3.ggpht.com/ytc/AIdro_nO5_AnrR5wC3yikrkeRVMEqqK2JYLnvMQub5cKxd-mCQNDacSpJv5wGRkTMh4pgO6TqQ=s88-c-k-c0x00ffffff-no-rj
UgzORCqnoLEoSLx8X3x4AaABAg,@ComponBledug,Rakyat klo cm denger pidato perut rasane melilit jg pak mules GK ad yg dimakan,7 jam yang lalu,2,https://yt3.ggpht.com/ytc/AIdro_kobtIKB48kYbyoIbTaEMN7k6Obdij_-kVeSMbC28jaAlf34P-acLGJTORMNvUS62PM0Q=s88-c-k-c0x00ffffff-no-rj
UgyDs8SDYce59-Y0MRF4AaABAg,@HadiIlham-h7o,"Seperti inilah pemerintahan yg dibangun dari hasil perpolitikan Demokrasi semu yg dipaksakan, bkn Demokrasi atas hati nurani rakyat, dari zaman ke zaman rakyat tak pernah nyaman",7 jam yang lalu,2,https://yt3.ggpht.com/ytc/AIdro_lIVZruWSvlKaxkn57-rQU_C05R3t9jAWHU60AtJYLV6jMdWWwFgedf-dP7oDI9GjrVqw=s88-c-k-c0x00ffffff-no-rj
Ugymt0w4StyvNF4NqY14AaABAg,@Mamin-e8i,"kalau BPK tau org yg bermain menyogok mahasiswa yg domo, jgn didiamkan seharusnya cepat ditangkap jgn dibiarkan begitu saja pak nanti bisa2 jdi kebiasaan yg tak bisa lagi dicegah dn jika di diamkan sewaktu2 akan berulah membuat keresahan kembali lebih baik segera ditangkap aj supaya mikir TDK akan terulang kembali sogokan mendorong mahasiswa sebagai tamengnya para penyogok, kasi dia spya ada efek jeranya bagi yg memberi dn yg menerima uang sogok sogokan.",3 jam yang lalu,1,https://yt3.ggpht.com/ytc/AIdro_m-wvAwKyNneCMdoErnw329VPrjfATdBmyawkiFTmB0Tmcb0mbPWFH98RzurWL1m0u29A=s88-c-k-c0x00ffffff-no-rj
UgzVy5kDh2vwUGXr1LB4AaABAg,@PuspitaPita-e6q,Gerakan indonesia raya.,9 jam yang lalu,3,https://yt3.ggpht.com/ytc/AIdro_kWs6MD0bSk1KdmkOUxJW6iMA_nWBCZ2RLISTc023pUH-y7G0XJUN9DGZy6oFjSPt-GnA=s88-c-k-c0x00ffffff-no-rj
UgzwkXo46EAOJYJXdWp4AaABAg,@BaharulHasan-n6n,Saya  percaya demo itu hati nurani rakyat yang mual melihat koruptor di kebinet  prabowo  rakyat mahasiswa terpanggil melihat koruptor negeri ini,7 jam yang lalu,3,https://yt3.ggpht.com/ytc/AIdro_kx7LRXG9JxEQPwGG5Y-3-amHKIcX2nDJF5PElO758mf4e-_81WiP_1aIdW3MoO0j1Pgg=s88-c-k-c0x00ffffff-no-rj
UgxXsp4PIjSO0ifE1aB4AaABAg,@tyotriono,"Oalah pantas d kasih mic, IHSG jeblok!!! 😂😂",9 jam yang lalu,8,https://yt3.ggpht.com/ytc/AIdro_mWWz7gXkBFS3w4RPk4PrEdbOI6nPMx877ShD-6AKFs4g=s88-c-k-c0x00ffffff-no-rj
UgwGyWjexg6z6Kq9qPR4AaABAg,@Suparmin_89,Sehat sehat pak Prabowo... Hidup Prabowo.... Hidup Prabowo.... termul jgn nangis yaaaaa...😂,8 jam yang lalu,2,https://yt3.ggpht.com/aPYHIwZt3lwzoUEwxU0pvwhAjfUzAXUq6SWpgQFQWWBEjHZk0P7ja0QdzTD6IrZTjg_ELNBCYQ=s88-c-k-c0x00ffffff-no-rj
UgxCJTmyKYc8GAoQyRh4AaABAg.AYQr51m6XIJAYQxU1qppWv,@miminrusmiyati1193,Betul tangkap aja biar gak menjadi virus yang menular,8 jam yang lalu,1,https://yt3.ggpht.com/ytc/AIdro_mGg5QGRdLFIeSmvWoF4nRnxE7yRaB3FkyJ0LoqjSgx6Q=s88-c-k-c0x00ffffff-no-rj
UgxCJTmyKYc8GAoQyRh4AaABAg.AYQr51m6XIJAYQyG_kgLKa,@pramujisetiawan9864,"​ @miminrusmiyati1193 diem salah, ngomong salah....",8 jam yang lalu,0,https://yt3.ggpht.com/ytc/AIdro_n1WDBRmSVmLcxRxVaPLil6gNonNMr4KVqzzkaoJ-vwTiw=s88-c-k-c0x00ffffff-no-rj
UgxCJTmyKYc8GAoQyRh4AaABAg.AYQr51m6XIJAYR8lhr5iw7,@TernakUang1,Dia sendiri yg bayar,6 jam yang lalu,0,https://yt3.ggpht.com/CIZGRRvNFiJDNm8dNqF-dhm4Q8y6gdenuHpQctIUdaH-YiOSthwvt2YmMULJrQ9mEHjxoBd7=s88-c-k-c0x00ffffff-no-rj
UgzwiYHK16HZvo6sqk54AaABAg.AYQua1TXCfnAYQxwCyVde2,@SuroBledeg,"Ntr lagi akan kena pasal pencucian uang pasti mereka akan di tangkap 🤣🤣
Yang jelas dana masuk sdh ketahuan asalnyadari mana...",8 jam yang lalu,0,https://yt3.ggpht.com/IUeMgmgtZBFtigSNV1BnlZ5_xPBAY6SJSXm0CvI8bQmC-BZETeiQxk1o63ohHpUMcIyfGCHr=s88-c-k-c0x00ffffff-no-rj
UgwXRL-oCovRetPT9UJ4AaABAg.AYQuMvkRXm6AYQxtE-KqVg,@hhhbghhhbb,HH prabowo cuma mulut Doang apakah SDH ngomong begini Prabowo akan usut pelakunya😂😂😂,8 jam yang lalu,1,https://yt3.ggpht.com/ytc/AIdro_nghLeglqLOFsnKSbK3qtUB0nmMRhDYVnuZ2bJcrKbW3EIFXSmWUVOGfrdK9iL0OXiH6QQ=s88-c-k-c0x00ffffff-no-rj
UgwXRL-oCovRetPT9UJ4AaABAg.AYQuMvkRXm6AYR-X5kiNZz,@MuhMasduki,"Lihat ja
PDIP pasti langsung bersuara 🤣🤣🤣
Era kmrn mereka berhasil buat pupuk mahal dn langka lanjut minta menkeu gk cairin anggaran food estate hingga raup untung bsr dari import beras jagung kedelai garam gula dll
Berhasil gagalkan program hilirisasi dll",8 jam yang lalu,1,https://yt3.ggpht.com/ytc/AIdro_m-wvAwKyNneCMdoErnw329VPrjfATdBmyawkiFTmB0Tmcb0mbPWFH98RzurWL1m0u29A=s88-c-k-c0x00ffffff-no-rj
UgwXRL-oCovRetPT9UJ4AaABAg.AYQuMvkRXm6AYR8II9_BLo,@billkobe,"​ @MuhMasduki jahat memang mereka. untung segelintir, susahnya ke rakyat kecil",6 jam yang lalu,0,https://yt3.ggpht.com/ytc/AIdro_kl2ISsF9bKFSBVXrEEa31SpgwVveJKJnmYGbmor9fpKw=s88-c-k-c0x00ffffff-no-rj
UgyBD66AwN0L5kW-_Z54AaABAg.AYQsQl3YlL6AYRqaH-tNlA,@HpInfinik-g9o,Bener gua kuliah di Bogor di suruh demo dadakan di bayar 250 +bbm untuk ke jakarta gratis,14 menit yang lalu,0,https://yt3.ggpht.com/ytc/AIdro_krOvw37jTzdXxKx9LLxqthA0TYsfEMIBqW17GhNiJZj6fAXWZX5VrvzLyMIgKzxEDtDw=s88-c-k-c0x00ffffff-no-rj
Ugys61ubmo7EawhL6rV4AaABAg.AYRDUw18tSlAYRi1iW5JW3,@NovalMubarok-y3v,Amin semoga berjln dgn lancar,1 jam yang lalu,0,https://yt3.ggpht.com/ytc/AIdro_mvRD3li-d41yRn_E5Os_4vOsBVZjneUdJDuG7vaq5mQf2ukH8_J5e7d4ICjs5ajyz-7g=s88-c-k-c0x00ffffff-no-rj
Ugw-CMoPj2yy7_uYPEt4AaABAg.AYQubavCC_kAYRLWh68ICw,@imannurul264,Oom anda 😂,4 jam yang lalu,0,https://yt3.ggpht.com/ytc/AIdro_lKJNtx3lR6AtchbshAN7xSe1DS5_AbF1MZapm4-vtqNow=s88-c-k-c0x00ffffff-no-rj
UgxPAsyfy-W17X_b0Il4AaABAg.AYR0BLJJONvAYRFLfMp7ZF,@paksujudi-o6e,Gak berani,5 jam yang lalu,0,https://yt3.ggpht.com/ytc/AIdro_nDqhbIyIWAyptFqRBwVKo6rIlCzFIeDw6eepXtVwS-SYedeW9eMKnjq4SvpfWdiA7_jw=s88-c-k-c0x00ffffff-no-rj
Ugyzix0FYlQb7wlf_9F4AaABAg.AYQugwHfrXCAYR8ZpxBoQJ,@Lina_marlin,Yg bayar polisi sendiri,6 jam yang lalu,0,https://yt3.ggpht.com/RNLQTD2Q9QSt8DUIXY1gMnDTl3_FxGGlByC3YPZ1Wnzuhr6Sttl5StWwpkNhI4mrthxyKwp3=s88-c-k-c0x00ffffff-no-rj
Ugyzix0FYlQb7wlf_9F4AaABAg.AYQugwHfrXCAYRFTUmtxkB,@paksujudi-o6e,Mana berani dia,5 jam yang lalu,0,https://yt3.ggpht.com/ytc/AIdro_nDqhbIyIWAyptFqRBwVKo6rIlCzFIeDw6eepXtVwS-SYedeW9eMKnjq4SvpfWdiA7_jw=s88-c-k-c0x00ffffff-no-rj
UgzwkXo46EAOJYJXdWp4AaABAg.AYR74TTA-2hAYRr7YM2w10,@HpInfinik-g9o,Ada yang ngasih arahan gua salah satu nya mahasiswa universitas Bogor tiba tiba pas jam pelajaran ada arahan gak tau siapa ibu ibu terus di kasih uang 250+BBM GERATIS UNTUK KE JAKARTA,9 menit yang lalu,0,https://yt3.ggpht.com/ytc/AIdro_krOvw37jTzdXxKx9LLxqthA0TYsfEMIBqW17GhNiJZj6fAXWZX5VrvzLyMIgKzxEDtDw=s88-c-k-c0x00ffffff-no-rj
UgxXsp4PIjSO0ifE1aB4AaABAg.AYQu-rZC7rzAYRBzexDnfV,@ronisatriono101,Yg main market saham pasti kontra dengan ini,6 jam yang lalu,0,https://yt3.ggpht.com/aDCxSKEHg2qFWlzUSkM4BvvvJ2HoMh_9tTkmEbn_olo_l8o3wkOBduDIkzpKwDNfa1ow9HVCIg=s88-c-k-c0x00ffffff-no-rj
UgzAx2Ts9cZAFV1sbLJ4AaABAg,@MuhammadNurHadi-h2k,Kita rakyat jelata juga sudah tahu..ada maha sewa yang dewa..,2 jam yang lalu,0,https://yt3.ggpht.com/ytc/AIdro_lPAu5LcUW1h_9K92DDPIFAt7oKeKn1gaScOAfzdeLy0FyHMrhcwYmEo-u21qNz3kJRkA=s88-c-k-c0x00ffffff-no-rj
Ugy6-4_iPEmN4a-cblJ4AaABAg,@ozieaja5020,"Lima kali bertarung di pilpres lima kali kalah kamu, menangmu itu di menangkan 
Sejatinya kamu tidak pernah menang ,   dimenangkan dgn segala kecurangan.",8 jam yang lalu,11,https://yt3.ggpht.com/ytc/AIdro_mz3lF-9s9SXWu81UM0acUIC0K3_wUG1t2jAdQbfhk=s88-c-k-c0x00ffffff-no-rj
Ugwt2Yu1qkwF21SRRmh4AaABAg,@adipriyatno9107,"Yg mesti hati2 bapak,dngan pernyataan yg trus menerus sprti ini,,rakyat akan bosan dan tidak prcya lgi sma bpa,,",7 jam yang lalu,1,https://yt3.ggpht.com/ytc/AIdro_llajcD16Zm69Ied3AleKMmhURRFwuGJGVt__yiU7gpQ4w=s88-c-k-c0x00ffffff-no-rj
Ugw8SEqDweWa00S5a4V4AaABAg,@pasutri_lucu,"Tangkap yg bayar demo ,,,,ini mereka ahli dalam KURUPSI",8 jam yang lalu,0,https://yt3.ggpht.com/MaKL-uOn2om0fZrungLn2amg11y74CoRoLz66qqzLp5bB1SDzyIsLC1Usr-fZghqiPg5bzQgcA=s88-c-k-c0x00ffffff-no-rj
Ugx2nfqS3ryoGH5Mcad4AaABAg,@ricoghama9448,"Omon omon,suudzon,justru hati hati orang di sekeliling bapak",8 jam yang lalu,1,https://yt3.ggpht.com/ytc/AIdro_l8Y_yahIwduBklQ8YQbUmm8N7MxYyen7WrcR_V420=s88-c-k-c0x00ffffff-no-rj
Ugz0NNpbgJAau_kdsXx4AaABAg,@Rogese1976,.lihat di media sosial.mahasiswa itu bilang .Gibran yg bayar pendemo.ayoo dong di tangkap.,5 jam yang lalu,0,https://yt3.ggpht.com/ytc/AIdro_nBiBza47xrVI22HQqbI5vVMSjOKCrypMV0wpODLhDTVe4Nl2G7EKpFmagMA2FW4bucAg=s88-c-k-c0x00ffffff-no-rj
Ugz47lsYYyCIjw7HtY14AaABAg,@danielagbilio4329,Dadan Tertawa Melihat Ini 😅,6 jam yang lalu,0,https://yt3.ggpht.com/ytc/AIdro_l_y7Jk_TvPWh87aC4tabiab-SNrrLKjoI-bAHd_p8=s88-c-k-c0x00ffffff-no-rj
UgwipuD3G-jJn3olgL14AaABAg,@Purba-s6c,👍👍👍👍,4 jam yang lalu,0,https://yt3.ggpht.com/ytc/AIdro_l1zU22StKNf871dicTQBDk4x19Yspedvo2dT3lgfSr6SUuLOsP9TA7e55SMaN_kxlqmQ=s88-c-k-c0x00ffffff-no-rj
UgzQm5LWxO1CopJuj5F4AaABAg,@HardianSyah-c4w,Bpk juga dulu suka bayar2 demo😂😂😂,9 jam yang lalu,5,https://yt3.ggpht.com/ytc/AIdro_n17eVS6yOwSEgbNTgXc4n9JeOKRE9MMEESD8Bfcg_tgLUU3ZPzBmNs64A-tbv0zyDUoA=s88-c-k-c0x00ffffff-no-rj
Ugx6oVX2FhlHtrWe1vx4AaABAg,@aseplukmanulhakim550,Dari segi semangat dan muatannya bisa dibedakan demontrasi / unjuk rasa yg murni gerakan moral untuk perbaikan dengan demontrasi yang disogok.,6 jam yang lalu (diedit),0,https://yt3.ggpht.com/ezS614uvf1gCpJhvXWdtkhkRwGtTqh5eOerq2sz3dJhk5CncBq2Bl0xiHuQ9P94Bl2oB_R9lIg=s88-c-k-c0x00ffffff-no-rj
UgzY5YsHIUOfdqHm1L54AaABAg,@eddywijaya5461,Tp tak Tau siapa yg korupsi..😂,9 jam yang lalu,8,https://yt3.ggpht.com/ytc/AIdro_k4wFwgCxCabNYeLP5M_MELxAsEJHZnIRyCzqyxKkRzRNk=s88-c-k-c0x00ffffff-no-rj
UgxMjRRFM6SQlduE0q54AaABAg,@HaliSali-u1v7c,Wajar penguasa di demo biar mikir,2 jam yang lalu,0,https://yt3.ggpht.com/T9jD_OKiCLf_fKyJHp19DHOvSv6_4rix-TSxbVxClsfX_MV75l4Ljx-HTMtj9NUyQ7i5F1CJyQ=s88-c-k-c0x00ffffff-no-rj
UgyekQhNs1ghtszzq-h4AaABAg,@triseo8885,Sebut aja namanya tak butuh koar koar,9 jam yang lalu,3,https://yt3.ggpht.com/ytc/AIdro_mJRHZcCGpeXmZIYIzuboqUH57HPb8vLH0C_Qj9DCFgj7gd=s88-c-k-c0x00ffffff-no-rj
UgylzNQhdqzg0riA0lR4AaABAg,@kacangkatom,Yg di undang wapres ngaku di bayar tangkap pak,8 jam yang lalu,0,https://yt3.ggpht.com/ytc/AIdro_mmkFbVre8Zhjrj8Mf_IPRhwHYbsPARN9pmkNbqIzmA76QuJDkSb74nrsHATmVeWtlysA=s88-c-k-c0x00ffffff-no-rj
UgwZZbGOUMXkpBJXG-R4AaABAg,@AndySerbamsgt,"Omon OMON, barang barang tambah mahal, saya baru aja ganti oli motor, kaget bengkel minta 70ribu. Sebelumnya cuma 55ribu",6 jam yang lalu,0,https://yt3.ggpht.com/ytc/AIdro_nzf_38osY0eh7aPQbfKu6wRof-DTAs7pSaNm9ZMqGPUJFfWyS5SFzzSHFBOz2qGsV8gw=s88-c-k-c0x00ffffff-no-rj
UgxgZJUCiOdJnH9sgaV4AaABAg,@LadiyaMutma-o3o,Yg dibayar yg gak demo,8 jam yang lalu,0,https://yt3.ggpht.com/ytc/AIdro_la-H9d58afKmA1gx1QVtyU-KPQL-P_-zFly6BX3pJlvct2ymNDOK1_281YXJGJXUfWug=s88-c-k-c0x00ffffff-no-rj
UgxUwysZWeewc6Mo_p94AaABAg,@JeroSamGem,"Lo enak anak orang kaya, bisa pada kuliah, trus bisa pada demo sambil foto sini foto sana update status. Lah gw sama 2 adek-adek gw mesti berbagi uang jajan ke sekolah. Salah kami apa sih kalau kami dapat makan siang gratis? Seru seorang anak sekolah di desa kimbek negara konosa. Cerita tukang seblak di samping pos RW tadi pagi.",8 jam yang lalu,1,https://yt3.ggpht.com/ytc/AIdro_lOLm-ghLUyNeR63dHQLSJT7oFA7-F0BvqAJOjYEsiDZh4OjaFpfbdHReaGhCF6aq9AXw=s88-c-k-c0x00ffffff-no-rj
UgytRF7wCxcBHOAjFoJ4AaABAg,@MamaZainFaqih,Ciri - ciri demo bayaran adalah yg membela kebohongan,5 jam yang lalu,0,https://yt3.ggpht.com/ytc/AIdro_m-wvAwKyNneCMdoErnw329VPrjfATdBmyawkiFTmB0Tmcb0mbPWFH98RzurWL1m0u29A=s88-c-k-c0x00ffffff-no-rj
UgxZna-W8-k8pkD-iRx4AaABAg,@ir208,"GA PERLU BANGET NGOMONG GITU.. NEGARA KITA NEGARA HUKUM.. ""JIKA TERBUKTI MEMBAYAR UNTUK KERUSUHAN TANGKAP AJA"" 
APA INI SEKEDAR MENAKUT²I BIAR TAKUT TIDAK ADA DEMO..?
STATEMENT YG BIKIN LEBIH GADUH NANTINYA..",8 jam yang lalu (diedit),1,https://yt3.ggpht.com/ytc/AIdro_nqYqwSC57NNAR6YnhK-Zp0uGyH4RwRKiWefCl8L77qFgT8=s88-c-k-c0x00ffffff-no-rj
UgxqjZqiFOwcDIAHqqJ4AaABAg,@ChecheKeripikpisang,"Hadew stiap ada demo sllu  di kaitkan ada orng d blkngnya,  intinya  koreksi saja drii sndri pak, GK usah berdalih itu ini itu ini",8 jam yang lalu (diedit),0,https://yt3.ggpht.com/ytc/AIdro_mS0Mc60NZyxaJydSkBsakuZ7vbNBZ-xu91vkuivg-cKqxwLCjAfub72z7AfatrbICoJg=s88-c-k-c0x00ffffff-no-rj
Ugy6-4_iPEmN4a-cblJ4AaABAg.AYQw8us3FkKAYRIQ6mi76O,@MayGodAlwaysBlessMee,"Iya Krn jagoan lu kalah itu aja, simpel",5 jam yang lalu,0,https://yt3.ggpht.com/LYxkKcGOaeLBC3IItTOdwU7e1hTTgV-u1t-09wRYFmhMkl85mj36ugKYHHdWJD_qh_krWk_sDw=s88-c-k-c0x00ffffff-no-rj
Ugy6-4_iPEmN4a-cblJ4AaABAg.AYQw8us3FkKAYRK_FZocs3,@Asmaddulalim,Ngakak gak enak jagoan mu kalah,5 jam yang lalu,0,https://yt3.ggpht.com/ytc/AIdro_mHvUglQtLRiBOR3UH27FcNcHYHMrm7xI1YvMI9Yss=s88-c-k-c0x00ffffff-no-rj
Ugy6-4_iPEmN4a-cblJ4AaABAg.AYQw8us3FkKAYRLaE286fu,@imannurul264,Buzer lg ngoceh 😂😂😂,4 jam yang lalu,0,https://yt3.ggpht.com/ytc/AIdro_lKJNtx3lR6AtchbshAN7xSe1DS5_AbF1MZapm4-vtqNow=s88-c-k-c0x00ffffff-no-rj
UgzY5YsHIUOfdqHm1L54AaABAg.AYQsFMTgiM_AYQvIUG_zQS,@NoviIi-i5i,Gak enak kalah kt pak prabowo😂😂😂😂,8 jam yang lalu,1,https://yt3.ggpht.com/ytc/AIdro_mVYsh4_7tPnhk4WYSdJnsULsk1BHYmbthLeH2eoiV5JeggNIweaGnRuf_CWe9Mf5bHig=s88-c-k-c0x00ffffff-no-rj
UgzY5YsHIUOfdqHm1L54AaABAg.AYQsFMTgiM_AYQxdfZcbKv,@SuroBledeg,"​ @NoviIi-i5i 
😂😂 akhirnya mereka sekarang bisanya hanya nyinyir...",8 jam yang lalu,0,https://yt3.ggpht.com/IUeMgmgtZBFtigSNV1BnlZ5_xPBAY6SJSXm0CvI8bQmC-BZETeiQxk1o63ohHpUMcIyfGCHr=s88-c-k-c0x00ffffff-no-rj
UgzY5YsHIUOfdqHm1L54AaABAg.AYQsFMTgiM_AYR7EIEcEJ_,@embunmalam7848,Sumua negara didunia ini pejabatnya banyak yg korup tidak hanya di indonesia bro tapi sekarang mulai di tindak bro bersabarlah.,6 jam yang lalu,1,https://yt3.ggpht.com/ytc/AIdro_mN8tuEvpDNcU-xuyJEAQR1tHqEOZMJ5qy11HS1IGR0CKY=s88-c-k-c0x00ffffff-no-rj
UgzY5YsHIUOfdqHm1L54AaABAg.AYQsFMTgiM_AYQsixKP278,@RedmiDandang,😅😅😅😅,9 jam yang lalu,0,https://yt3.ggpht.com/ytc/AIdro_l-WPruEngifbfolAJ9ooMYouWRIljSLSUdcbFXhpBKLR2w067aQRcH7LDc0zzrTdX9yg=s88-c-k-c0x00ffffff-no-rj
UgxZna-W8-k8pkD-iRx4AaABAg.AYQxm43zwA5AYRrTvTP885,@HpInfinik-g9o,"Emang bener adanya bang 
Gua salah satu mahasiswa universitas Bogor pas jam istirahat tiba tiba ada arahan dari ibu ibu untuk demo dan di bayar 250+BBM gratis untuk demo",6 menit yang lalu,0,https://yt3.ggpht.com/ytc/AIdro_krOvw37jTzdXxKx9LLxqthA0TYsfEMIBqW17GhNiJZj6fAXWZX5VrvzLyMIgKzxEDtDw=s88-c-k-c0x00ffffff-no-rj
UgxvcgfT8STBnGAcTSF4AaABAg,@musliadi4256,"Mau ada bayar atau tidak , yang penting untuk kemakmuran Ekonomi yang sangat sulit saat ini ' dari pada diam Para oknum pejabat menguras Ke Uangan Negri ini demi kepentingan pribadi dengan menyalahgunakan keuangan dengan menipulasi... Itu kata politik Omon omon aja mana dia tau..",7 jam yang lalu,0,https://yt3.ggpht.com/pJhUOuN_4xbDrmE3TZZ4j6r64qp7So0A5uBVaNAYJIPWBWqgzuHHeugejuUhGKeNZoc8b-vh=s88-c-k-c0x00ffffff-no-rj
UgzdWOEc8XLRFGw8RjR4AaABAg,@AdiWinoto-e5m,TOLONG JAUHIN DARI MIC😅😂,5 jam yang lalu,0,https://yt3.ggpht.com/ytc/AIdro_l5LLkTg-D-orAjIv3QnONs9TM45y_AotBXm2mRPRn4eltxYktPs1EaE6EeEfGMXSfLHQ=s88-c-k-c0x00ffffff-no-rj
UgwY0fiZWqE0anoSTeB4AaABAg,@emiroostikowati7135,Yang bayar demo udah jelas itu yg banyak duwidnya bikin ngancuri pak Prabowo 😂😂,9 jam yang lalu,1,https://yt3.ggpht.com/ytc/AIdro_nLaihxDFVmnJ3BNrRAmxQrbA_mCKWJCT4LKngxCiB_0GgMeT12zvtvULsylDTrrmZaZg=s88-c-k-c0x00ffffff-no-rj
UgzjFisw0OH7xb9lTRd4AaABAg,@backreamcool5667,Sekali menang malah bikin negara kacau balau!,2 jam yang lalu,0,https://yt3.ggpht.com/ytc/AIdro_nSY3SKVIB-lh59yGyZKnSBMStdyKAx-ey6Y__AoaVIck-hLXmMGqnd_XiRQfZveTs5Jg=s88-c-k-c0x00ffffff-no-rj
UgwrsADjYQzEcz97JJd4AaABAg,@anti-halu,"Yg bayar demo untuk tujuan destabilitas Indonesia :
1. Eksternal (George Soros, NGO Australia dll)
2. Internal (Jusuf Kalla, SBY, PDIP)

Skenario venezeuela aja..pihak eksternal pengen Indonesia tak stabil, disambut oleh oposisi yg kalah pilpres dan pengusaha banyak hutang yg pengen dilunasin hutangnya oleh negara ...",8 jam yang lalu,1,https://yt3.ggpht.com/VGabqjU0nqLb2VXTFAlRnKK0kscCglZ3ez-_Rp0KGS9vyVyrnV2ZNFq8HPvyvVqkV4DVgAGY=s88-c-k-c0x00ffffff-no-rj
Ugyw0RNdMjhxTXWjvTx4AaABAg,@Kokoprasetyo-o6l,"Waduh di kasih mic lagi ,mulai OMON OMON  😂",8 jam yang lalu,0,https://yt3.ggpht.com/ytc/AIdro_n7417ek-18wzJI3ZENBm0JLEsWrCcksbQ7WKdHv1tzFUdXjGULqP2rM3Knc8d3lEC4qw=s88-c-k-c0x00ffffff-no-rj
UgwwobFiw0mmIW-aae54AaABAg,@idahrosidah6835,Ya Allah lindungilah negara Indonesia tercinta ini dari orang-orang dzalim,8 jam yang lalu,0,https://yt3.ggpht.com/ytc/AIdro_kGA5P-5Pg3ckSU5VlRG1_fFC18y55u3dDG0Ahmc47IGG1eOkHfbuwB80QnYpNLIXa46g=s88-c-k-c0x00ffffff-no-rj
Ugx_hBvOoAa3dzE5GYN4AaABAg,@ropendisianturi4602,Sama² tau pak...tapi kami bisa eksekusi.,6 jam yang lalu,0,https://yt3.ggpht.com/ytc/AIdro_nlCCbwVHNUrcvOLy53wYwtrkYrnzoXo5yuHN-GooI=s88-c-k-c0x00ffffff-no-rj
UgxJtPncoYf5tz8iQSB4AaABAg,@Runiadi,"Penyakitnya jauh dri kata sembuh,malah lbih parah nih kyknya",8 jam yang lalu,0,https://yt3.ggpht.com/ytc/AIdro_kNn6ML5JlhLrSoExrtw_OWTxjwv-pPPh8GhTrE49w-bzrwzJrjG1FoMdgRo3BUt4v3Gw=s88-c-k-c0x00ffffff-no-rj
Ugx8lo92v1N93AVhDjt4AaABAg,@yasminharahap4922,lo gw lo gw lo gw..orang no 1 masa bicara lo gw,8 jam yang lalu,1,https://yt3.ggpht.com/ytc/AIdro_ks0zOPhDfAtmOLuVsI8Di9GDAk6xm-gm4aBbOGIXPCTBo=s88-c-k-c0x00ffffff-no-rj
UgxiGaxZvV6bHP8pEup4AaABAg,@Wiwi-st9ym,Mual mual mual,6 jam yang lalu,0,https://yt3.ggpht.com/ytc/AIdro_kz3lQ9Hqs6oAEsOL6PXqKBaGQAfhnhuZ4AM0OQgQz89_f1bm0WwWRi6kOnIQ-se2plZQ=s88-c-k-c0x00ffffff-no-rj
UgwW_PdBGGl6KnAa4B14AaABAg,@mirza-y1v,Klo mng tau siapa yg bayar. Ya d proses lah.,6 jam yang lalu,0,https://yt3.ggpht.com/UYLwmtM4O1O2GLvx-Ig0eyF9Ic38S3bLlQZs5kBLHWhp0F2-DWiqpENADWY8Dm17KHAbHnKVXw=s88-c-k-c0x00ffffff-no-rj
UgyYb54LiWb6RBbjDhp4AaABAg,@Joda08-s5s,Pendemo sdh ngaku ke wakil siapa yg bayar. Wakil.sdh izin ke ketua utk ngasi uang saku agar di alihkan ke t4 lain.,9 jam yang lalu,1,https://yt3.ggpht.com/ytc/AIdro_nkHMdD8-iph0EM_9XXOHFTX5yr1_08Pyl5RsRmTC8NcKJnWauEhfigEgk72JRwumN-OA=s88-c-k-c0x00ffffff-no-rj
UgyGygsDw_0tDiYUc_J4AaABAg,@komangsudarpana5468,Tangkap aja pak Prabowo biyar fuplik semua tahu,8 jam yang lalu,0,https://yt3.ggpht.com/ytc/AIdro_ksQQl2B9h3YStUGVnbkEBwQ17nquLWhFzYP0HbtW3Fg4xF0T91e_MyLGpXuaKOx1LlOQ=s88-c-k-c0x00ffffff-no-rj
Ugy5X5RnFZ3OVTUKYX14AaABAg,@Raden.Wijayaa,Saya juga tau kok wo siapa DALANG YG BAYAR DEMO DUKUNG MBG!!! KEMARIN DPET TUH DUIT 100 RB PER ORANG PLUS WAJAN!!,6 jam yang lalu,1,https://yt3.ggpht.com/YF3pT3dOhh9WdAmAhWZmSpaqKaUEUX6erSH53Jdj3V4RiztFmJud0vT5k-kdq6Z4U9rq0c1PnA=s88-c-k-c0x00ffffff-no-rj
Ugx3k_JZDTusX6BBZg14AaABAg,@UmarIribaram-m2g,Jadi negara yg banyak koruptornya😂😂,50 menit yang lalu,0,https://yt3.ggpht.com/ytc/AIdro_mepZNFg0IkDgvVhDWwJ-etfN9-p-jFIuO69t8K727MQtN4q3ixeitoQ27z3kNlE3ybXw=s88-c-k-c0x00ffffff-no-rj
UgzjkiSlU5ryIju2DpN4AaABAg,@Altair_Caribbean,Yang demo pro kebijakan prabowo lah yg dibayar buktinya mereka sendiri NGAKU kok 🤣,7 jam yang lalu (diedit),1,https://yt3.ggpht.com/sKRwQRn3h5X7nMuW5iPaprIFlbhTGrH-G1tszrUcadwXX5LaPPW5Wm0Q5rGAxBDrrxIhLVF2=s88-c-k-c0x00ffffff-no-rj
UgzjMIm8X_iSrnGWQE54AaABAg,@NurrHakim,Bongkar dong pak,38 detik yang lalu,0,https://yt3.ggpht.com/ytc/AIdro_kL7daW0mm9R_yCcc_-7ACB2lV35Z9XJTxD7SZFJYjPcFkWqZ4sFO5qPsN-v2vqL0FIzQ=s88-c-k-c0x00ffffff-no-rj
UgwoTp5iYZJAizTmQlV4AaABAg,@abikusuma-h2f,"di kira saat ini rakyat sejahtera,,",7 jam yang lalu,0,https://yt3.ggpht.com/ytc/AIdro_lbpRUu5gbsvWTmsdI3NZ15kpk0Ej3nbI--JsDIpwlL-8rX0jbLwi0IQmkjLB0HWRjkqw=s88-c-k-c0x00ffffff-no-rj
Ugz-Lj7VuWQ1dFFqFGJ4AaABAg,@Asmaddulalim,Yg kalah ngak enak.... Ini biangnya gak mau kalah.... 😂😂😂,5 jam yang lalu,0,https://yt3.ggpht.com/ytc/AIdro_mHvUglQtLRiBOR3UH27FcNcHYHMrm7xI1YvMI9Yss=s88-c-k-c0x00ffffff-no-rj
UgzCyQFkA47pNIUtGiZ4AaABAg,@judial5244,"Aku juga malu,,,,mahasiswa ikut demo di tanya mau demo apa kok malah  ho ha hoo plonga plongo koyok wong gendeng kgkgkkkkk.",5 jam yang lalu,0,https://yt3.ggpht.com/5_JgX63zkROZUCDq1I0E-A9KaSJI9a1KEqjl--k9DBvKxr8Nc6xFbTD9wwL0rTBIouE0UlozuQ=s88-c-k-c0x00ffffff-no-rj
UgzDT-vdQp10YXTDTJF4AaABAg,@boledzzz8556,Tangkap dong jangan cuma omon omon😅,7 jam yang lalu,0,https://yt3.ggpht.com/ytc/AIdro_ksZUIDH_eb_R4GGWCxeiOwk9lcwVrwrdN_7WPJYc8pG8c=s88-c-k-c0x00ffffff-no-rj
UgyVzLP2MoIoWSIcWLd4AaABAg,@PujiasTuti-u3q,PHK massal udah di depan mata 😂😂😂,5 jam yang lalu,1,https://yt3.ggpht.com/ytc/AIdro_lXZATiSU94AudKCeqOS-aak7Qi50J9-N9s4qqnF2E7CRmgta6gS959E91ZM-ms0kpswQ=s88-c-k-c0x00ffffff-no-rj
UgxPZKcWu2yqP8RgfKB4AaABAg,@Nmryt-z4j,"HANYA TAHU TAPI DIPELIHARA, GAK ADA TINDAKAN APA2 , BERARTI OMONNNN OMONNNN DOANG 😮😮",3 jam yang lalu,0,https://yt3.ggpht.com/ytc/AIdro_mVYsh4_7tPnhk4WYSdJnsULsk1BHYmbthLeH2eoiV5JeggNIweaGnRuf_CWe9Mf5bHig=s88-c-k-c0x00ffffff-no-rj
Ugz-dWhOiKEhltW1kPZ4AaABAg,@yaw6186,Ya tangkap kalo tahu,8 jam yang lalu,0,https://yt3.ggpht.com/ytc/AIdro_mZc4zmVJypLMNHULLyrOLIH5j4ROdhNY4GzlNL_IBrxVgUQS4IT_UqjXMrykjAWMs9HA=s88-c-k-c0x00ffffff-no-rj
UgyY0hzgQZ06kjvNCuN4AaABAg,@acengtotohbaehaki3614,Mana yg bayar mahasiswa suapaya gk demo,7 jam yang lalu,0,https://yt3.ggpht.com/ytc/AIdro_nCR13iGJ0gCNvEfsExrD92sPwyeTrvqWOWh46UXSjFDE8=s88-c-k-c0x00ffffff-no-rj
Ugz9TzxIuxoY3jfGbft4AaABAg,@hamzahhas-v9e,Yang bayar demo tidak jauh orang dalam orang Indonesia pengusaha yang tidak mau di atur atur tidak mau di saigi,4 jam yang lalu,0,https://yt3.ggpht.com/ytc/AIdro_m2s7giIp50Sj11wAtuWvTVtCsLGdQ3MZYGHIoIzN3m5j0jU_Ih9WuIE6Ndg51XKUdFJg=s88-c-k-c0x00ffffff-no-rj
Ugz_eUMtbS7Di8OgSaN4AaABAg,@mbdynamic8436,"Harusnya prabowo tau diri. Sesuai pengakuan pelaku, Gibran lah yang memobilisasi demo. Kelicikan musuh dalam selimut kenapa tidak ia sadari.",7 jam yang lalu,0,https://yt3.ggpht.com/ytc/AIdro_nFyRLL7rnA8ARxXFVmXN7oQ9pJCAgaYKdGTDgtsrtfyA=s88-c-k-c0x00ffffff-no-rj
UgzGhLDDn8f9f7jKAVt4AaABAg,@DodiGunawan-l4p,"Jangan fokus ke yg byr bos, fokus aja ke perbaikan",8 jam yang lalu,1,https://yt3.ggpht.com/ytc/AIdro_kjND8U1TiPEw_nk7wHVRzjEfaU_vW2mZ6uU0PTBL6yiuvUWRvQQNsfIOn_RS_2JkLdcA=s88-c-k-c0x00ffffff-no-rj
UgxGp57RTzoXroUM27l4AaABAg,@rezalimena9470,"Prabowo : ""waktu itu pembangunan negara kita menganut PAHAM neo liberal""

nah kalau sekarang malah saya yang gak PAHAM pak pembangunan macam apa ini",8 jam yang lalu,0,https://yt3.ggpht.com/ytc/AIdro_k4KrpxPOCKalMsbk7W-OI2YYA907XEvgEy4tJLZcs=s88-c-k-c0x00ffffff-no-rj
UgwNmnnuOVyF9SKcdSR4AaABAg,@HpInfinik-g9o,"EMANG BENER GUA SALAH SATU NYA MAHASISWA UNIVERSITAS DI BOGOR 
PAS SELESAI JAM PELAJARAN DI KASIH ARAHAN UNTUK DEMO DI BAYAR 250+BBM GERATIS UNTUK KE JAKARTA 😂😂😂😂",12 menit yang lalu,0,https://yt3.ggpht.com/ytc/AIdro_krOvw37jTzdXxKx9LLxqthA0TYsfEMIBqW17GhNiJZj6fAXWZX5VrvzLyMIgKzxEDtDw=s88-c-k-c0x00ffffff-no-rj
UgyAceVVlDsnXZue4zR4AaABAg,@anni7808,"Demo.
. mahasiswa dapat beasiswa gk dari ketua demo",3 jam yang lalu,0,https://yt3.ggpht.com/8ssGteU4HFov6iALzEGcF7QQEg1OmSSZp5EpxKI-fASHlOuk2V5dsMgcaa6f_Ro93LJ3V79A=s88-c-k-c0x00ffffff-no-rj
UgytrOuVZluqag0nQ7R4AaABAg,@SuryatiDewi-i9w,"Daddy syarat berdiri nya suatu negara adalah adanya wilayah juga rakyat,,, rakyat itu sebagai subjek sudah tentu sebagai makhluk hidup yang membutuhkan pangan,,, ☝💖🇮🇩🍭",8 jam yang lalu,0,https://yt3.ggpht.com/ytc/AIdro_kRdiwgGASa43GPYT-c3Z6MApteJOGOBXuLd7u6TpOt2CJm9iQ6p6u16RMmQYwe-Tke3g=s88-c-k-c0x00ffffff-no-rj
UgzoeLvbMmpQbtD_-nl4AaABAg,@habib8931,Sodara sodara😂,7 jam yang lalu,0,https://yt3.ggpht.com/ytc/AIdro_md5qYQnpwKbDcxHTdMG2zhXe1GbATSYBGmdJiMuO1N2L6lIeC8v1Efuu-zcc-_ytvViw=s88-c-k-c0x00ffffff-no-rj
Ugx8lymu_3aSEFlzgQR4AaABAg,@MochammadFadhil-dr1wi,SURPRISE??? Saudara saudara BEM UBK YANG DEMO KETEMU WAPRES TERYATA NGAKU DAPAT UANG DARI APARAT Saudara saudara SURPRISE 🤷🏻‍♂️ begitulah saudara saudara,9 jam yang lalu,1,https://yt3.ggpht.com/ytc/AIdro_kexSU46w6cYLAw7n2skj-kjy6uv4tRLz7Q3K1rsh5kWb6z0DWyfRdUElppkPxsBgt36Q=s88-c-k-c0x00ffffff-no-rj
Ugy-szpNlvBhZXF_ESh4AaABAg,@OppoA31-n5o,Beneran udah tau??? Kalau cuma ngomong Radio juga bisa pak,5 jam yang lalu,0,https://yt3.ggpht.com/ytc/AIdro_nLDRFkW4-H3DXefKqVCiv64nSX1pCGNxxB-s1JqQGZT_lalhc7_7OcXHx652isf4T3ag=s88-c-k-c0x00ffffff-no-rj
Ugxn1AnCysF_-CJaBiJ4AaABAg,@FaidiAlfatih-c6g,Kasihan Prabowo dibohongi orang orang disekelilingnya,3 jam yang lalu,0,https://yt3.ggpht.com/ytc/AIdro_lb-lBb6-rl_rxGgAnDeW8EvJQjI_nH6RhaFU61qkNyLtqKelCNJ2fbVBeKGbbGsTR3ag=s88-c-k-c0x00ffffff-no-rj
UgyPqYMeckmBWlmoqVN4AaABAg,@tidakgoodlooking,sodaradodararara....,8 jam yang lalu,0,https://yt3.ggpht.com/TJpPoJ3icuXXO89V0aMDP881huqJNtoBP5Dg9YYzldRmjngGlODJcIVImAo8v3m5B7BFRl0ueA=s88-c-k-c0x00ffffff-no-rj
UgydgubiCVNlkDIlkn54AaABAg,@KursiaSia-v4w,"Demo terhenti seketika jika Udd hukuman mati,,!! 
di buwat dan di pakai di Indonesia 
maka oknum korupsi mati langka skat ster,,!",1 jam yang lalu,0,https://yt3.ggpht.com/ytc/AIdro_n7417ek-18wzJI3ZENBm0JLEsWrCcksbQ7WKdHv1tzFUdXjGULqP2rM3Knc8d3lEC4qw=s88-c-k-c0x00ffffff-no-rj
UgwHgKuwu_547ZqJdqV4AaABAg,@kikisetiawan8636,"Ngomong tok pak ...
Iki golek ekonomi gawe nguripi anak bojo angel pak...
Kebutuhan pokok melonjak pak",1 jam yang lalu,0,https://yt3.ggpht.com/ytc/AIdro_njGmxKfoPrBMaI_BcpyasarYRb-fAoAoQbz4AUVTUbPx-Uvg-WVnjh5erCqOgSOACzYA=s88-c-k-c0x00ffffff-no-rj
UgyTNgSo9peIqQkVdJx4AaABAg,@nabilnazmi1668,"JLS ADA ORANG""DPR RI YANG BAYAR UNTUK DEMO.",3 jam yang lalu,0,https://yt3.ggpht.com/ytc/AIdro_nfsRMcdQ-VFoiGqSem9tOD6dD-rK6_7_L87-oT8m-LZ9_Zz1QPLPwPCuXy3MEW6JluRA=s88-c-k-c0x00ffffff-no-rj
UgzlN6ZIn8egdQ9nRcF4AaABAg,@Jepfti439kro,Pembayar demo itu mereka  yg merampas kekayaan negara ingin terus ngurus proyek besar dan sama sekali tidak peka dg kebutuhan mayoritas rakyat miskin yg hrs disejahterakan negara,7 jam yang lalu,0,https://yt3.ggpht.com/ytc/AIdro_ltG5Vixvi3d0Yh00mrIlUB2on93_zWY8hkMojmBpX9mvBiNJjt4vNgL5Rn8XCPf9bnFg=s88-c-k-c0x00ffffff-no-rj
Ugys7fIfmPkLnYhqcpJ4AaABAg,@TahniaHatta,Malah menciptakan kolusi dan manupulasi,6 jam yang lalu,0,https://yt3.ggpht.com/ytc/AIdro_nU2YD2Z--lTM_gdrvauZL95c14lMizI3TCYnoHVH-z3cvFi5RKknXfib9wghzEocwihg=s88-c-k-c0x00ffffff-no-rj
UgxyyIKtodPzIjHtbnJ4AaABAg,@OppoA3x-d9x2g,"Krna kau ingin jabatan, walaupun kemampuan mu blm mampu jdi Peresiden.",6 jam yang lalu,0,https://yt3.ggpht.com/ytc/AIdro_nlxcyAZPoeb0TtHuLoF1IT_yb3yrUMXPeRUX3UB7fK3cfa2_g1rlcAw0kCzBs0InPpZg=s88-c-k-c0x00ffffff-no-rj
UgwbYl5DI1lZ0jbK35t4AaABAg,@Aqil-z9u,Walah walah....!! kayaknya kebalik baca koran atau kesumbat telinga saat mendengar berita.,7 jam yang lalu,0,https://yt3.ggpht.com/ytc/AIdro_lE-2v4pt1Am5Vt4Pedf4xjFjaVCExlg_cJVl7OY2xcwvV1BhXRzUSHIHLwFa5dONFuTw=s88-c-k-c0x00ffffff-no-rj
UgzpLUPDm0i6FWJbkVl4AaABAg,@hamzahhas-v9e,Mereka suka beli barang dari negara supaya bisa korupsi,4 jam yang lalu,0,https://yt3.ggpht.com/ytc/AIdro_m2s7giIp50Sj11wAtuWvTVtCsLGdQ3MZYGHIoIzN3m5j0jU_Ih9WuIE6Ndg51XKUdFJg=s88-c-k-c0x00ffffff-no-rj
UgwYlOBIZpty4gHzr4l4AaABAg,@Daylikacongsuber,Cek dulu janji2 bapak yg katanya semua gratiss,6 jam yang lalu,0,https://yt3.ggpht.com/YEnOmsxCQkWAK90wXMauNTlSYvD54viuRKrh9ZoeGUkDrR5sYJkZ7hM2v-ist1MnlClmfAhh=s88-c-k-c0x00ffffff-no-rj
UgwkgvDcogICea1df9d4AaABAg,@kuroashi-z1o,"4x kalah, 1x menang karna curang dengan bansos pake APBN 😂😂😂😂😂",9 jam yang lalu (diedit),1,https://yt3.ggpht.com/ytc/AIdro_m81r_RpGR1QRuXGaIjnZ704hcTjmxb302myUEBvTIs7E0CtI7KeKkbUKrNx2U71JIRrQ=s88-c-k-c0x00ffffff-no-rj
UgyrvKZJwFjcT_q-Tjx4AaABAg,@sugiharningsih7603,"Yang bayar demo itu yg kasih wajan , roti dan yang, siapa ya",6 jam yang lalu,0,https://yt3.ggpht.com/ytc/AIdro_n7UqpNTXsWJvG05Z4vMKJiw-4iusuoRvMBhkzFc9A=s88-c-k-c0x00ffffff-no-rj
UgzS3psPkpmF69reTMh4AaABAg,@MaslianaLiana-o4d,"Akhir kata,sy cuma omon-omon.",8 jam yang lalu,1,https://yt3.ggpht.com/ytc/AIdro_m5DHdJOQs40hzoitGNZg5x-fmV6OYmJoszNAslGR0idT_rVnRjRUDprHsTC8XFm7CrIA=s88-c-k-c0x00ffffff-no-rj
UgwIVNMIzPpogkOfxiN4AaABAg,@babewaris4418,Ayam yg bertelor pasti yg berkokok . Ga heran omon doank. Buktikan. Astaghfirulloh,8 jam yang lalu,0,https://yt3.ggpht.com/ytc/AIdro_m-49GF64ku_dccV-lM96kZbo5MHTTYLM7FExoZMVw=s88-c-k-c0x00ffffff-no-rj
UgwAXOg6HVCdkTWRT0p4AaABAg,@andessan840,Pemimpin apa begini.. Klau tau proses bodoh.,1 jam yang lalu,0,https://yt3.ggpht.com/ytc/AIdro_li0yM6cYLIOWjD11MRFrJBTyO1UpGuxl0HXyI_Shaix_AohWC1X6iVYA2plRVEmtsyaw=s88-c-k-c0x00ffffff-no-rj
UgzMx-b97AHdwK339vx4AaABAg,@parwotowoto204,"Ya dibayar jelas demo2 tandingan pak sdh jelas kemarin dari wapres, kemudian mak2 demo dapet wajan, uang dan bingkisan,,,",6 jam yang lalu,0,https://yt3.ggpht.com/ytc/AIdro_mYhDDsCA9NfTG2PgzluZfHQpG5ifmMgJPfOK61kjZldvH8THXl33B8Pu__NmTzyraUXQ=s88-c-k-c0x00ffffff-no-rj
UgzPzk7bw1fDNS5BR-F4AaABAg,@FaidiAlfatih-c6g,Yang bayar demo ya polisi untuk bertemu qibran dan diakui oleh mahasiswa.dan kedua demo dukung mbg ygdiberi jatah amplop berisi 200 ribuan dan wajan.,3 jam yang lalu,0,https://yt3.ggpht.com/ytc/AIdro_lb-lBb6-rl_rxGgAnDeW8EvJQjI_nH6RhaFU61qkNyLtqKelCNJ2fbVBeKGbbGsTR3ag=s88-c-k-c0x00ffffff-no-rj
UgzJuZg35YRLem2MV5t4AaABAg,@ahmadassegaf8530,MUNGKIN MAHASISWA YG KETEMU FUFUFAFA ITU KALI WO 😂😂😂😂,8 jam yang lalu,1,https://yt3.ggpht.com/ytc/AIdro_lImVEFshLCzwKPwsKil_wI44W3fLO5VgHisdM_-Jtm5ZMsPSMXFTRot9-tSU3zW38Ftw=s88-c-k-c0x00ffffff-no-rj
UgyTdoHHB0CryODuhX94AaABAg,@TinoLeo-f6n,Inisiatif genk solo,8 jam yang lalu,0,https://yt3.ggpht.com/ytc/AIdro_k_iHRN_l0TsKsAqRXBnKvUhZMHXsLhXvCXgVIQHJzdJTRw7Wt_G9XEs4chamQySZQzjQ=s88-c-k-c0x00ffffff-no-rj
UgzOj7iARiEiV-xHfRR4AaABAg,@Sudarmaji-bz7zx,"Udah di cekal mahasiswa yg ngaku demo di byar... Ygblum di cekal yg ksih uang ,, tlong seger di usut .. Yg",8 jam yang lalu,0,https://yt3.ggpht.com/ytc/AIdro_kRdiwgGASa43GPYT-c3Z6MApteJOGOBXuLd7u6TpOt2CJm9iQ6p6u16RMmQYwe-Tke3g=s88-c-k-c0x00ffffff-no-rj
UgzglZZuEkAr5emz35t4AaABAg,@badriyanto-w9g,Mntap pak lnjutkn 2 priode😂 yg iri biar tmbah iri😂,5 jam yang lalu,0,https://yt3.ggpht.com/IIoCcYRAbmPCsO4cYUJd8ud9Lk_vqKxHAjKToU7VCl-3iImE7sw4V2tWXvFPMpjB0vviDg8ofEo=s88-c-k-c0x00ffffff-no-rj
UgzFG0mzCvLTXO_NM9h4AaABAg,@KembulDian,pasti tau lah org yg byran org pemerintahan,8 jam yang lalu,0,https://yt3.ggpht.com/ytc/AIdro_kvlWfpFiGDsOuWN8WC7fbTg_M3GnIyZoNdq97hjvUJDaKXfd4Br8mhKtbUbhXvgfORVQ=s88-c-k-c0x00ffffff-no-rj
UgyfyJbNE86W9ae_xG94AaABAg,@RivkyAdrianto,"Tau tapi gak nyebut, sama seperti yang Ono ...cuma bisa bilang sudah tapi belum😅😅😅",8 jam yang lalu,0,https://yt3.ggpht.com/ytc/AIdro_l3eSdJrs9xkcAFM7kExUd2KzasO2x_y1BOcwBOQFRsO4jhq02GQpbHzLNdWF64M9fNlQ=s88-c-k-c0x00ffffff-no-rj
UgzS3psPkpmF69reTMh4AaABAg.AYR-tSm8akvAYR1TC0tj4J,@zainaldarmawan671,Plot twist kata orang2 zaman sekarang😅,7 jam yang lalu,0,https://yt3.ggpht.com/ytc/AIdro_mgVAI1khGB1Ih6vt1jxJljLjnF9dd_qFNwrzHhfsu33uA=s88-c-k-c0x00ffffff-no-rj
UgyMNa1qNdmU71YU9kN4AaABAg,@aga3860,Anjir pidato lgi si omon2...,8 jam yang lalu,1,https://yt3.ggpht.com/ytc/AIdro_nPPRp5kttyIEZ1vFZtysR3GCemWKEEpfawkyFrOi8JBw=s88-c-k-c0x00ffffff-no-rj
UgyK6l-kEiZjrsMSntd4AaABAg,@mobilbekas9682,Gibran itu pak yang bayarin demo,8 jam yang lalu,0,https://yt3.ggpht.com/ytc/AIdro_nA0rZklLuPhgedoC8Z3xpUFBkQkGGOhM9EGvlzoXW9uuE=s88-c-k-c0x00ffffff-no-rj
UgwyMkxMAUb2xhqFQxB4AaABAg,@ajenpriangga,Sudah dikasih tau..dia jangan dikasih mix,6 jam yang lalu,0,https://yt3.ggpht.com/ytc/AIdro_nHNmhgK4mtwlkvbYzWQNsHe7dvV4nJKisK6SmVW8O7u9Pa8T0cWxyinae9f8_eisKzEw=s88-c-k-c0x00ffffff-no-rj
UgxWr2qLM2HiXwjbtHZ4AaABAg,@tombosugito3081,Kayak ini fix . Prabowo dan Jokowi sdh pecah kongsi. Itu stetmen kyk nya nyinggung Gibran itu. Gibran kan manuver trs,6 jam yang lalu,0,https://yt3.ggpht.com/ytc/AIdro_nU87qArQ3ZZT9BD9ii9P5-63DE_8g8zjsrlC4JYBc=s88-c-k-c0x00ffffff-no-rj
UgyYUzPWDI2riVW4Of14AaABAg,@rizkyafriansyah5433,"Apaan sih bayar demo,,, duit gw aja makin sekarat gegara dollar, pada demo lah.",6 jam yang lalu,0,https://yt3.ggpht.com/ytc/AIdro_kNn6ML5JlhLrSoExrtw_OWTxjwv-pPPh8GhTrE49w-bzrwzJrjG1FoMdgRo3BUt4v3Gw=s88-c-k-c0x00ffffff-no-rj
UgxnwSpmqyS_lfzALVJ4AaABAg,@tobisial777,Knp gak di tangkap ? Kalo emang tau ???,7 jam yang lalu,0,https://yt3.ggpht.com/tAnFDdUqJhhsXECOLBy7BLvCuRDnHTHhAliU7e6SHrxiiDlqIegviFkqPAuDGcUeEsrUaPfw=s88-c-k-c0x00ffffff-no-rj
UgyxTsW1Kw7C-aMPse94AaABAg,@heyyuom8398,"Seorang Pemimpin(negarawan) & seorang Politisi itu sangat berbeda d dalam karakter cara ber pidatony"" , seorang pmimpin akan MENEDUHKAN dalam Pidato2ny sedangkan seorang politisi akan selalu mencemoh& mngeluarkan permusuhan& ancaman""",5 jam yang lalu,0,https://yt3.ggpht.com/ytc/AIdro_lVRjiZR53XoVYrLJ50T7rUsEdUHaUhivBMDAel8Lc=s88-c-k-c0x00ffffff-no-rj
UgwAe6rCn-_VmJW3Xw14AaABAg,@monkinggamingsantuy9097,Demo yg dapat wajan +100rb itu demo suruhan sapa ya😅😅😅😅,4 jam yang lalu,0,https://yt3.ggpht.com/ytc/AIdro_m5evfCF_YxC_lDCZai6PdDPi8RLB_PVhrL3a1ARTLFBM2x9-KClsWFWW2FfUzwIrVBkQ=s88-c-k-c0x00ffffff-no-rj
Ugw5pmSirWGaZHALsad4AaABAg,@Regar_Abiyatsa,"Lah yg kemaren mendanai, beri uang 100rb dan panci siapa wooo 😂😂😂😂",8 jam yang lalu,0,https://yt3.ggpht.com/Hr9mblExXl4FvRtLJGDymfIdL2mmHbiN1chlk4VjnFhxYbfXg54fc47jjLbCfLVyH5Ya_DgW=s88-c-k-c0x00ffffff-no-rj
Ugway86oMLx0cVNEiKR4AaABAg,@abdi-kf3wx,yg membayar jelas grombolan sakit hati  nyungsep pilpres,1 jam yang lalu,0,https://yt3.ggpht.com/ytc/AIdro_nCFuQV-3T97ntkQdMZO93iygdhA3e5EBbgzwM1Hh73e8uhkU2un5IN8KiX8Bfjl_HqLA=s88-c-k-c0x00ffffff-no-rj
UgwZtaxszREluaoBFyR4AaABAg,@rambemanis9445,Wowo.lagi nyindir wiwi😅😅😅😅,7 jam yang lalu,0,https://yt3.ggpht.com/dBVGeSXbT1gq3L8hArdtzmfjdAtnTo7s3pqCZajH7heV22D20uOLksHVzsqyC1rbu9ZdCtE3cw=s88-c-k-c0x00ffffff-no-rj
Ugy4zy2bK58KA4xKct54AaABAg,@sigitswatama5464,yang bayar demo dari kerabatnay sendiri,8 jam yang lalu,0,https://yt3.ggpht.com/gKP-QKxk0EOVnx1antactSEYzPRO9AlhYj5ERCTjC5mFtQZXA4nvgqmFfnkqurYGCw_F6ASQFQ=s88-c-k-c0x00ffffff-no-rj
Ugz2cPqk3J7OJOOM38V4AaABAg,@Kadir-j1b,😂😂😂 salah  minum obat,1 jam yang lalu,0,https://yt3.ggpht.com/ytc/AIdro_lstB3YH641mvD7c0F5CsIK1VohS5sGjDHznzqAxeFzDrKoh35mwiEQPb1tQwNdxYWaWA=s88-c-k-c0x00ffffff-no-rj
UgxI4VM7Vic6ko_2giB4AaABAg,@suciptoadi1971,Karena MBG biar jalan terus boz,7 jam yang lalu,0,https://yt3.ggpht.com/ytc/AIdro_mhpdt52gf-ewuMICMSpf58jqqKXetktX-rAgmJkXZktJrVu4vDkBYngfAtIfmb6uJy3w=s88-c-k-c0x00ffffff-no-rj
UgwAUy-J8JyPgHBPDoB4AaABAg,@Noklisavlog,BISANYA 4 X KALAH KARENA GA NGERTI POLITIK  PAK WOWO...SAMPE SKARANG PUN,8 jam yang lalu,0,https://yt3.ggpht.com/dChi7irXi9qHLq5n9JQfh2zMKTqGjbayo-w9KDKObTzstRZCodTORiefVRSKoMaMHDRlyHNpeM4=s88-c-k-c0x00ffffff-no-rj
UgztvaVQTRzUTTMqyF54AaABAg,@BILLYKartajaya,Omonnn omonnnn😂😂😂😂,3 jam yang lalu,0,https://yt3.ggpht.com/zFll4hfwXb9ZI2mBpT7ArguOJ1xBT_1yhvokryY33qLEKezy9Dm8AuvBywV4GCzWmCzBdCuk=s88-c-k-c0x00ffffff-no-rj
UgzonyVzSq6gcWm0it94AaABAg,@Brigademuslim-fd6dn,"tau kok diam gemoy gemoy🤦‍♂️, astagbirullah",2 jam yang lalu,1,https://yt3.ggpht.com/-LawMhmkeyRgadb5H8qJwvwG0m5NXpi4eRcTLSvaf3TFLyEKam3DazMPbbly0Ctl_55zAFRAgbQ=s88-c-k-c0x00ffffff-no-rj
Ugztdf0wnF8oSljnsPN4AaABAg,@rizkiwuldrfaturahman9889,Ngomong apa ini orang,8 jam yang lalu,1,https://yt3.ggpht.com/ytc/AIdro_m4jIDlAZCCpDe7v-rQ97yZyKm-m6zn5_vfEqHL-mJHcgQ=s88-c-k-c0x00ffffff-no-rj
Ugy1cIjdmrP037kRYyZ4AaABAg,@wulanariani,Yg bayar demo Sudah jelas fufu Fafa tangkap adili,7 jam yang lalu,0,https://yt3.ggpht.com/ytc/AIdro_kmZYzKVWQjJAUlnH7IlLfloqTLqWwElYOqabfpVNV6I-jDwgTR-fRhzJ0ofbX0v5rhbA=s88-c-k-c0x00ffffff-no-rj
UgzFM3MTOhkl93cgwPB4AaABAg,@sudarnoto2727,Pak Prabowo yg bayar demo ya tak lain anak buah bapak cari sendiri saja,8 jam yang lalu,0,https://yt3.ggpht.com/ytc/AIdro_mH1C8RnzzBiToM2_5uCR2NjUaPHoO2VQt4q39fZUM=s88-c-k-c0x00ffffff-no-rj
UgxIw2PVcpY9bcJ0VgN4AaABAg,@ChristinaOktora,"Klo kepemimpinan bapak sudah ok,, ga ingkar janji waktu nyalon,  ga mungkin di demo pak",1 jam yang lalu,0,https://yt3.ggpht.com/ytc/AIdro_nEaD_Rk3gYEqhmikjMp7vwgj1kjo_1clhZVFPoWzf4kyAVnj5RvUUogQGgDuScZLz2rA=s88-c-k-c0x00ffffff-no-rj
Ugw11A1KR2uReXdRLrN4AaABAg,@colletcollet3997,Klo SDH tau tinggal di singkirkan dn di hukum jgn hnya ngebacot di podium sj..yg byar wapres dn kpolisian itu sndiri..mreka membuat makar trhadap rkyat dn negara wajib di hukum..Krena mrekalah pngadu domba dn pmecah anak bgsa slama ini..jgn biarkan PKI solo mngusai bngsa ini.,6 jam yang lalu,0,https://yt3.ggpht.com/IhumdDrfr8IpmYW3MoYP8c8NBKkrG5Gfsstq9J_gtNWU83QGzQu4xu84FFhSYVLrCLYoP2pQxw=s88-c-k-c0x00ffffff-no-rj
Ugz0xDf72pS2CTDehn14AaABAg,@sugengrawuh5845,"Yg demo gulingkan Prabowo, perbaikan ekonomi pesanan yahudi Amerika Israel, dan pejabat pengusaha yang terancam kebijakan Prabowo,
klo turunkan harga Pertamax dan koreksi menyeluruh MBG mewakili aspirasi masyarakat.
Jgn sampai kejadian 98 terulang kembali ekonomi sdg bagus 6,7% Indonesia diserang yahudi Amerika Israel dikomandani sorosh 
 rupiah dilemahkan oleh dollar dgn memperalat intelektual, mahasiswa menggulingkan Suharto,sejak itu para aktivis yg demo dan elit parpol memimpin   birokrasi Indonesia mereka berjamaah menggarong APBN APBD., mereka inilah biang kerok demo gulingkan Prabowo.",8 jam yang lalu,0,https://yt3.ggpht.com/ytc/AIdro_kN0vHjIDhTA7B0t2l-8jw4du0Fp3Q4NWDxREtZ0wG6prM4O5dykKEJAxt14lhBl9HMMQ=s88-c-k-c0x00ffffff-no-rj
UgzPtMv86kWfSCo2vIV4AaABAg,@AldiYih,"Mix propon nya buang aja 
Ga ada pungsi nya",8 jam yang lalu,0,https://yt3.ggpht.com/ytc/AIdro_lqybv1ymmQZzV-g7nROuYqYvRtqWJrzgIBL02smStPjjYqrzc547dVBcr4Ak5lP7MDAg=s88-c-k-c0x00ffffff-no-rj
UgyAgqClsDLDr2Z7S2B4AaABAg,@iskandarmuda5431,Omon sebakul 😂,8 jam yang lalu,0,https://yt3.ggpht.com/ytc/AIdro_kcDEMt5ron2byH_IJVSmDfKXEOoxFOLysC6GwUiqaceTA=s88-c-k-c0x00ffffff-no-rj
UgwiP8b3xq1ZooyAXsZ4AaABAg,@UjisuksesSelalu,Yg bayar rakyat kecil mbg itu sangat merugikan rakyat,8 jam yang lalu,0,https://yt3.ggpht.com/ytc/AIdro_k1UVnuEOl73aecre_55iOj102dwvDAm6VAI3NyH121uCD0fUD5FsaQsf-gyIKwdvvyAA=s88-c-k-c0x00ffffff-no-rj
UgzQcs4vae7ayBfiqD94AaABAg,@botoluddin5452,Kyk gn kita disuruh kritik santun... Kritik keras aja GK didengar apalagi santun.,6 jam yang lalu,0,https://yt3.ggpht.com/ytc/AIdro_l0ORonplKh1CjFhNWPAP6nCA-xLscpEld-m4DJa77JIw=s88-c-k-c0x00ffffff-no-rj
Ugx5XPIGwAmoP00Fp7t4AaABAg,@bayuajieprasetyo3626,Kalau yang bayar demo dukung bmg siapa pak?,7 jam yang lalu,0,https://yt3.ggpht.com/ytc/AIdro_m4LbtT20qqPRATnQiJQP8iMdWqnmp0WXSeGfq-eHU=s88-c-k-c0x00ffffff-no-rj
UgwLHkG2bAYohHsZLPp4AaABAg,@AlkaWahyudin,Tahu juga dong pak siapa yang bayar 20 jt kepada mahasiswa UBK yang di undang masuk istana wapres😅,7 jam yang lalu,0,https://yt3.ggpht.com/ytc/AIdro_li0yM6cYLIOWjD11MRFrJBTyO1UpGuxl0HXyI_Shaix_AohWC1X6iVYA2plRVEmtsyaw=s88-c-k-c0x00ffffff-no-rj
UgwE1xh5gdbafevHq314AaABAg,@edosaitama3943,yg bayar 20jt itu ya pak?,8 jam yang lalu,0,https://yt3.ggpht.com/ytc/AIdro_m4d89ZOmW4zBqVBsj8nPznmYDVAy7uo1ACEEZrBAE=s88-c-k-c0x00ffffff-no-rj
Ugyv8C9Nv3uGLyOFoNt4AaABAg,@bagushario7427,"Eaaa... Pidato lagih? 
Saya tau... saya tau...  
Tapi ngga mau nyebutin, omon..omon.. dong 😂😂😂",7 jam yang lalu,0,https://yt3.ggpht.com/ytc/AIdro_nODruoylklqLVsWoSHvd5uVKWYa5VSkBQZxJOkAZA=s88-c-k-c0x00ffffff-no-rj
UgyO_XPxm_DYNcfCaZh4AaABAg,@PatronKlien,sopo sing mbayari mbah ?,9 jam yang lalu,0,https://yt3.ggpht.com/ytc/AIdro_nOWe4S6b29fbPkg93PDibrKRQTYWczUyLo_mKEpzpASZp98SZsf1etvnv92v_B6OhtLA=s88-c-k-c0x00ffffff-no-rj
UgxOuEeLAWCyLmSezwl4AaABAg,@sujasminwicaksono,Partneemu yg bayar pak,9 jam yang lalu,1,https://yt3.ggpht.com/ytc/AIdro_kQmoKU8jutFWahUO7_VzxGZDtZUKEyDA85aZRpQ-gUz-JKqbFVN4C9rKZwBSJ3zld_cg=s88-c-k-c0x00ffffff-no-rj
UgzdgcePkLjG4DGMDGN4AaABAg,@AldiYih,"Pak klu tau mah tangkap aja pak 
Bapak kan yg berkusa d indoesia ini 
Apa pak persiden 
Ga brani nangkap yg  bayar pendemo 
Pak  jangan omon omon terus",8 jam yang lalu,0,https://yt3.ggpht.com/ytc/AIdro_lqybv1ymmQZzV-g7nROuYqYvRtqWJrzgIBL02smStPjjYqrzc547dVBcr4Ak5lP7MDAg=s88-c-k-c0x00ffffff-no-rj
Ugw_slv7c4511JT3N_14AaABAg,@laurentsilaban3732,Yg pasti 20 jt apa 200 jt yg UBK??,8 jam yang lalu,0,https://yt3.ggpht.com/ytc/AIdro_k0NmNmKdXsk8NOH6lFiBI0c9x8mfOuE8jZzC4gJHkiYsk=s88-c-k-c0x00ffffff-no-rj
UgxGcJrcDdSmVpm5fEl4AaABAg,@MuhammadAdona,"Beneran tahu ta paakk..... kok dibiarkan aja, kasih peringatan2 aja.... hedeeeehhh.... omon2 aja paak",5 jam yang lalu,0,https://yt3.ggpht.com/ytc/AIdro_k0PVo4Ayjzf9FlRcdjZAQYBwK430_hLvWlP9jgikQjC65W-ONDWjkk4dykteuHJ96HgQ=s88-c-k-c0x00ffffff-no-rj
Ugx6YCGDhypUXASkSah4AaABAg,@BandotBoncel,Omon omon Mulu katanya tau malah gak di eksekusi aneh 😂😂,3 jam yang lalu,0,https://yt3.ggpht.com/ytc/AIdro_nYQvAmUyrYtkF2soc7ppz6IxaER9_xGSrVZLHiG4eUGMeY1Tl-U5nqn34h_UtOew4GdA=s88-c-k-c0x00ffffff-no-rj
Ugzr3d93iqW4oUczfYp4AaABAg,@achmaddjadjang-gi5sx,Bos!!! Demo dibayar maupun tdk dibayar sah sah saja namanya demokrasi!!! Fokus aja kerja bener jgn terbawa narasi ini itu,7 jam yang lalu,0,https://yt3.ggpht.com/ytc/AIdro_njMp9P5pDrqRaj4oHRodXslSma01EB2tIA4mBbGR7rDJoi92M1smujcI3N84wSKYdkGA=s88-c-k-c0x00ffffff-no-rj
UgwhTXZTeBfxIAD56eZ4AaABAg,@ywanabenk1687,Mantaf bpk ini.. 2 priode pantas. Tp saran jgn dgn si ono lagi 😍😍😍😍,7 jam yang lalu,0,https://yt3.ggpht.com/ytc/AIdro_nA7FSkAwQAdUVXNZteWJ_51HQzJc6NQANMZWosPZk=s88-c-k-c0x00ffffff-no-rj
UgwB56mNzT21N69cJ-x4AaABAg,@ArwinJavaKulit,Ayo berbicara yg sukanya omom omon omon saja,7 jam yang lalu,0,https://yt3.ggpht.com/pxeL6RpOkXN21MkUItfIIchy2Yu-zrhgR83U4OvNEakntQk5Sqdaaz-_bJbgvtvPba1Zz4rhSg=s88-c-k-c0x00ffffff-no-rj
UgxQbIxmOXhEIvDeCWB4AaABAg,@mufidkhanifudin3697,Mbg mesti,8 jam yang lalu,0,https://yt3.ggpht.com/ytc/AIdro_nWBkhs3XZcENi1MSPCdcXzpUjnMm2sZJbVobSifX-nvmmNb8bXfpOmj_RTnLGbL03qbA=s88-c-k-c0x00ffffff-no-rj
UgzWHCdeBiCyCU63eW54AaABAg,@marchiaccckcmcluna9152,Besok pasti partai mersh lsg klarifikasi .. kami bukan dalangnya 😁😁,7 jam yang lalu,0,https://yt3.ggpht.com/ytc/AIdro_kRix2jk_uBdxLnmm1oajMGxyUDmkGrNUXUe6k227Gr5Q=s88-c-k-c0x00ffffff-no-rj
UgzHrYfM-XTH1cbTUPB4AaABAg,@ratnairawati5439,"BBM + bhn mkn an.. naik kok sejahtera...
Kata nya mau import beras dr USA..., kmrn ketemu Trump..., LBH murah kali KLO jauh² begitu.  KLO import dr:  Thailand, India, Vietnam mahal ya Pak..
Udah ngurus pertanian TPI hrg bhn mkn msh mahal dan demo²...omon²...",3 jam yang lalu (diedit),0,https://yt3.ggpht.com/ytc/AIdro_kOCKFjroLrLYIie4-_UY-EgjaLIOKtmeLgbhAZpE2XI3Q=s88-c-k-c0x00ffffff-no-rj
Ugy0oxIBxTYIsvugG9h4AaABAg,@SupriYato-p1q,"Saya dulu jjur pilih 02..kebijakan /program bapak sangat bagus.. Cuma kalau buat program buat UUD perampasan aset /hukuman mati.. Jdi program bapak ngk di acak"" Sama koruptor... Dr merdeka 45 Manusia indonesia ngk ada yg kelaparan sampai saat ini.. Tp sengsara hancur indonesia gara"" Koruptor.",1 jam yang lalu,0,https://yt3.ggpht.com/ytc/AIdro_neAWLH7sZOed0nxggmhltv1elkeHlOQumeJrdVd-uJprIR_0tQYDxrh34wywukW1kbeQ=s88-c-k-c0x00ffffff-no-rj
UgzrpC2nVs7E4SpwvLd4AaABAg,@OyinYin,Badutt lucu😮😅😊,7 jam yang lalu,0,https://yt3.ggpht.com/s6kYOsiS8oEQEKexZDLuFkS2JwbMQvaQ6xp1T0sunzcP5CjmMiP80My7UalJlCSDY0EGZ246Uhg=s88-c-k-c0x00ffffff-no-rj
UgwFHyggFBmFE-R7lRl4AaABAg,@kacangkatom,Lha gimna sih dah jelas2 yg demo dukung MBG emak2 di bayar,8 jam yang lalu,0,https://yt3.ggpht.com/ytc/AIdro_mmkFbVre8Zhjrj8Mf_IPRhwHYbsPARN9pmkNbqIzmA76QuJDkSb74nrsHATmVeWtlysA=s88-c-k-c0x00ffffff-no-rj
UgzgscczDO-i6pO7iLt4AaABAg,@obnarahah,Org sekelilingmu sdh bahaya .....,7 jam yang lalu,0,https://yt3.ggpht.com/ytc/AIdro_nbk448huiBJVbcIvT8ezURmqDl4abdQ12Jj0SRIT8ej3nrAAGe9Sfc7y_E2CaoCXfBhg=s88-c-k-c0x00ffffff-no-rj
UgzA0EXqdNgPzssc-WJ4AaABAg,@Nicholas-l1d5v,Yg bayar prabowo,9 jam yang lalu,0,https://yt3.ggpht.com/ytc/AIdro_n4EABOy6Ijor53Y9vON11pv7lnVa4DCZbpGTyhfVHnh3Pxiux6cQbieChI2FN94xMBGA=s88-c-k-c0x00ffffff-no-rj
UgzNLKMj1ZlPSd0G9zd4AaABAg,@SugiHarta-g7x,Yang bayar Bem FH UBK setelah bertemu wapres kemarin ya pak??? Terus yang bayar ibu-ibu yang demo dukung MBG di Jakarta kemarin itu ya pak???,8 jam yang lalu,0,https://yt3.ggpht.com/ytc/AIdro_nlK0XZCHPihWVQ4ZXtf5b8YpsaViKGdlcNQOujPdbuOV75OJmCMvjy0UMhDlldDDfeTw=s88-c-k-c0x00ffffff-no-rj
UgyZ3U7vjlHliKvHu8N4AaABAg,@SankaraLorsed,Solo yg bayar,5 jam yang lalu,0,https://yt3.ggpht.com/ytc/AIdro_nn2r27xgt-QLsA4NOafS588bIhGJEP80r8XEC4pJEMwtmsmIosL5hG9gzQ2AyEbG8G0A=s88-c-k-c0x00ffffff-no-rj
Ugxyak4iGYmxaUCzRx94AaABAg,@solmets7,"PREETT LAH, UDH TAU DIEM AJA ..",9 jam yang lalu,1,https://yt3.ggpht.com/N2dN1RkZqdCKlgxGXUDPlidtXh6sr8jsTfWAZuAfCb4ofGLz6HqY0r3eUarbZUjOdXl7Boyw=s88-c-k-c0x00ffffff-no-rj
UgxHpE2fVBV16R3bMDF4AaABAg,@sahroni11096,"kl jdi pemimpin jgn terlalu kepoh pak ingat apa yg bpk prabowo janjikn di depan rakyat pda saat bpk kampanye sbgai Capres...memamurkan rakyat,  bukan membahagiaken para maling/koruptor uang rakyat",17 menit yang lalu,0,https://yt3.ggpht.com/ytc/AIdro_mVrjWn21Xglu1waGCrxU7_oMqZZ-lsiQCJrXlDfZqVo5ko=s88-c-k-c0x00ffffff-no-rj
Ugz3-lZ-Y9uK7GcQ3bF4AaABAg,@KAIZENeksplor,"Ujung2 nya bawa2, cerita pemilu, programnya yg harys di evaluasi,",9 jam yang lalu,1,https://yt3.ggpht.com/-mHGfSgXbH6l7LudJf45eMttdiDEE6zcSWGMhY0IUncsx9enJrVezGp1Xpt-UEOIY7jL9RHDBow=s88-c-k-c0x00ffffff-no-rj
UgwsU6vX1XUlbYFw1qB4AaABAg,@Tjiptosoemarnoengsing,Merdeka....😂😂😂,8 jam yang lalu,0,https://yt3.ggpht.com/ytc/AIdro_mB0AEzuPBnHUnbJ05Kn6OFC0GWil99rk2mq0C8tMcOp8jSTPBxtIYFzdnOER1R9KYpvA=s88-c-k-c0x00ffffff-no-rj
Ugw4HjvDXIkjqbGkBvJ4AaABAg,@damme3190,"Hanyaomon2 sj, termul masih dipelihara, hukum tdk bisa dilaksanakan dgn benar krn masih diatur mulyono dan termul",7 jam yang lalu,0,https://yt3.ggpht.com/ytc/AIdro_lKAVLT6Mdy0MGSSLhnYBOX0-11qZyOuAR1ngcDvvoQ7Q=s88-c-k-c0x00ffffff-no-rj
UgzeqgoTPrzcsFXY8Hd4AaABAg,@jecky1747,"Ini benar ndk .jangan hanya omon2 aja.kl memang benar ingin mensejaktra rakyat bunti kan.contoh nya,kepala DESA yg koropsi kena apa tidak d proses hukum.seperti bantuwan ,kena apa tidak tepat sasaran nya.seperti BANSUS,BLT, PKH.BAPAK NGOMONG AJA.sekarang rakyat minta bukti nya dari BAPAK.jangan omon2 aja.",1 jam yang lalu,0,https://yt3.ggpht.com/ytc/AIdro_mEn5C4SYvgf_PqgnMonu1vMg4ZRqb0r2s1J4SB9Orb8w=s88-c-k-c0x00ffffff-no-rj
UgxDMBnnpBEebWJSspx4AaABAg,@regol-z3k,NYESAL MILIH PRABOWO,4 jam yang lalu,0,https://yt3.ggpht.com/LWYB3VS_Ya-wZAmaZRTbr6p7wL4SH5zzrwo8Vks9WmG7vbXG1tDj0M4g_vOKEDUAQUUhiuKR_Ac=s88-c-k-c0x00ffffff-no-rj
Ugy-oNIRByh7_FBrMe54AaABAg,@Paklung-o3f,Less talk more actionlahh presidenku.. stop OMON OMON..,6 jam yang lalu,0,https://yt3.ggpht.com/ytc/AIdro_l2m6xnQIkGIe085t1l3QKu9OLcA7ubGl9YcT6fJ4x_XnEE37zF6vFZuGyS8tIezkPGIA=s88-c-k-c0x00ffffff-no-rj
UgxE8d_483-PiAEEo5t4AaABAg,@MaslianaLiana-o4d,"Banyak pidato,gak tau dia,pasar /pajak sepi pembeli.",8 jam yang lalu,0,https://yt3.ggpht.com/ytc/AIdro_m5DHdJOQs40hzoitGNZg5x-fmV6OYmJoszNAslGR0idT_rVnRjRUDprHsTC8XFm7CrIA=s88-c-k-c0x00ffffff-no-rj
UgwpaPzqcekO3Kr26n94AaABAg,@rambemanis9445,Wowooo omon2 doang😂😂😂😂,8 jam yang lalu,0,https://yt3.ggpht.com/dBVGeSXbT1gq3L8hArdtzmfjdAtnTo7s3pqCZajH7heV22D20uOLksHVzsqyC1rbu9ZdCtE3cw=s88-c-k-c0x00ffffff-no-rj
Ugzk8NE3SB3vu3WTCFV4AaABAg,@MrIsmanto,Sudahlah mbaaah... hentikan omon2nya.. Udah gak jamannya lagi.. skrg tinggal berikan bukti kongkrit tindak lanjut tuntutan mahasiswa..,9 jam yang lalu,4,https://yt3.ggpht.com/jIPhjOzXUCnPq1IzkahYzzh3ZSOi5K74NVqQYJ_vmCn83ZzObQMYs_9RAw9NseHZofxMHnMx1Q=s88-c-k-c0x00ffffff-no-rj
UgxcjIhMicrH8-tPtWB4AaABAg,@rambemanis9445,Wowo di bohong3i mntrinya kaciannnnn,8 jam yang lalu,0,https://yt3.ggpht.com/dBVGeSXbT1gq3L8hArdtzmfjdAtnTo7s3pqCZajH7heV22D20uOLksHVzsqyC1rbu9ZdCtE3cw=s88-c-k-c0x00ffffff-no-rj
Ugz1q1gObDdCm6LrzGZ4AaABAg,@masuddamin7894,4 kali kalah ke lima kalinya menang curang.,1 jam yang lalu,0,https://yt3.ggpht.com/ytc/AIdro_nLPAja28DX94SeJ01C3RN7FJdfmDylti_WRMoxe4w=s88-c-k-c0x00ffffff-no-rj
UgwB8UE7ctwboSRbtdN4AaABAg,@MuslimHarahap-v9v,Banyak an among Wowo..,7 jam yang lalu,0,https://yt3.ggpht.com/ytc/AIdro_kIQd925lZn3kNvSQBuSIvxotU3QPyWJUGr6nl8J4Bbkl1bcFpzgHabStJf-LedxUFwQA=s88-c-k-c0x00ffffff-no-rj
Ugzjgwa6hHLc9_hd1kl4AaABAg,@FaisalSantan,😂😂ngatain yg di sebelahnya bayar demo 20jt..koplak nih orang,7 jam yang lalu,0,https://yt3.ggpht.com/ytc/AIdro_lSxERKmuXpC-ZC9j7fDJwYA7IckYaELucXUsk6JqJMNWOrJkgdwEv1hl_g-6nsJoGqnQ=s88-c-k-c0x00ffffff-no-rj
Ugz8eLEqL6nl4_lAQHd4AaABAg,@keisyaayu2,OMON  OMOOONNNN,9 jam yang lalu,1,https://yt3.ggpht.com/ndm_KwsT_W6bm6W74M03CK3dtYYBiBepOo60IF-NKLaerWvw8VVZzgQ8OI_VEYzPectVppO78g=s88-c-k-c0x00ffffff-no-rj
UgzL9KrpGQhAycAIzgh4AaABAg,@MAHESA2187,"JAWABANYA PASTI ""FUFUFAFA""..😂😂😂😂",9 jam yang lalu,2,https://yt3.ggpht.com/P3SiPzMfGVwH2hG0bghmjUTHCGRzDPwE7TyzNqnzRgM_a48IOUNuI9WLopt1KAp0Bclqyg2bxA=s88-c-k-c0x00ffffff-no-rj
UgwFfnJz_mxkT5Vduot4AaABAg,@BlueRy-g9j3i,"omongan dia ini emang kebalikannya dari pidato minggu bulan bulan tahun lalu 
ujung jungnya lu jg bayar mereka untuk dukung MBG, waktu capres aja  lu bawa demo dan bawa batu kedalam mobil partai ny jg",8 jam yang lalu,0,https://yt3.ggpht.com/UrdMprqvTSvlNfGPBHLkLUpVVcNw3dNdSFh2Vqpggiv6L9chlPmYGo6sDxFcek8RE1KC0B3f=s88-c-k-c0x00ffffff-no-rj
UgxBRJGSCcEozWoCwW94AaABAg,@derbybachtiar1606,"Gak Joko gak Wowo...
Sama aja😆😆",2 jam yang lalu,0,https://yt3.ggpht.com/Mvh1tyumL6yXlFhALq9NcGtqIE6SuxdJ4V7nBb1sg-vTWqWN0tTPhh_nocL8FAjWcct9eNE0YA=s88-c-k-c0x00ffffff-no-rj
UgwWUL-lp2hy4hKnf4d4AaABAg,@teguhsantoso9820,10+16 berapa,8 jam yang lalu,0,https://yt3.ggpht.com/ytc/AIdro_k12eUabclH1HnZ2s6X4IkX0QKPw_gMZvOIMkZ1ZTeIaPQ=s88-c-k-c0x00ffffff-no-rj
UgwTLCG7QXZvpdOfrct4AaABAg,@wenny_diary,Omdo😂😂,5 jam yang lalu,0,https://yt3.ggpht.com/PLkeJW9ffJKL__7LjYqHCmvWVqXkHi5xHK9NuaXdWalF1GwHkDbZatIdpl1iFGgQxFjb-1XXEg=s88-c-k-c0x00ffffff-no-rj
Ugz7DCTtb1miaqw3qsV4AaABAg,@zainaldarmawan671,Apakah itu ancaman Pak? Publik tahu bhwa Bpk itu hobinya menculik.,7 jam yang lalu,0,https://yt3.ggpht.com/ytc/AIdro_mgVAI1khGB1Ih6vt1jxJljLjnF9dd_qFNwrzHhfsu33uA=s88-c-k-c0x00ffffff-no-rj
UgwiuSbzAB7gHnEQm8N4AaABAg,@BaruBelajar-y3f,Sejak Reformasi pidato yang keren itu ada di pa SBY gk sih? I mean berdasarkan kemampuan berpidato..,5 jam yang lalu,0,https://yt3.ggpht.com/ytc/AIdro_kOb7QQDcZFwpMIdd9bTrXMar1ggASA-XZvBJ1dsoZ7ILZXnMflzIOdl1i8MGKOzZIN6g=s88-c-k-c0x00ffffff-no-rj
UgykYcCJ3TYVJhwsp0B4AaABAg,@BOOTBOISKK,"tolong klu piadato pakai cermin,",6 jam yang lalu,0,https://yt3.ggpht.com/ytc/AIdro_lv0OFps6rQfOJXt8we0yI9P8dnXzZOfyhHIqURAjzP3hPbyhf73dY6hsoaN2U8skzHMQ=s88-c-k-c0x00ffffff-no-rj
Ugx4mCjB6Q3Dh92lw554AaABAg,@sumaardana7724,Aneh emang ni pleciden😢😢,8 jam yang lalu,0,https://yt3.ggpht.com/ytc/AIdro_kko-_V61LPj1Lic9gzVObh-3nf-RG7G3ct9kPWnrU=s88-c-k-c0x00ffffff-no-rj
Ugy5wJrVnIdzYCfxEjZ4AaABAg,@wibowowibowo4381,"Hebat pidato Pak Prabowo Subianto,tegas ceplas ceplos ada dasarnya,kabinetnya pekerja nyata,hanya tukang demo bayaran yg rasa memiliki negara nol besar,mereka mau jadi kacung asing, kacang Ng partai kalah pemilu,untuk menghancurkan negara RI",8 jam yang lalu,0,https://yt3.ggpht.com/ytc/AIdro_lhECC33c8hcwpk-BEPThgXYVUlDI1HZ-W8-RtX4iWArbusya0GUTQfNsrDBlPGt0Moog=s88-c-k-c0x00ffffff-no-rj
UgzeUNP-vSgCe_k4S_V4AaABAg,@imannurul264,Udah pasti dan :intinya para penghianat bangsa tdk mau anak negri sehat dan bergizi krn penghiant bangsa paham kalau pada sehat dan bergizi otomatis pada sehat dan pintar... dan penghianat bangsa akan sulit rampok kekayaan negara,4 jam yang lalu,0,https://yt3.ggpht.com/ytc/AIdro_lKJNtx3lR6AtchbshAN7xSe1DS5_AbF1MZapm4-vtqNow=s88-c-k-c0x00ffffff-no-rj
UgxmOgkx2NMVuSkIWmR4AaABAg,@yolandam112,"Penyusup nyamar dn pengen jatuhkan ms gibran.., siapa lagi klo bukan klompok dajjal dajjal politik itu yg sepak terjang nya sll licik",8 jam yang lalu,0,https://yt3.ggpht.com/mOS1-ilih6Kyt3rCopb1Ni1AwW_kz11u8DoHJ9lF4m3u4vVfr_oUKzNRR4Faelou1I2m0nXSIKU=s88-c-k-c0x00ffffff-no-rj
Ugy6NSJJpMPjXMTwFWR4AaABAg,@rambemanis9445,2029 ganti prabowoooo,7 jam yang lalu,0,https://yt3.ggpht.com/dBVGeSXbT1gq3L8hArdtzmfjdAtnTo7s3pqCZajH7heV22D20uOLksHVzsqyC1rbu9ZdCtE3cw=s88-c-k-c0x00ffffff-no-rj
Ugwsc9z7E02FrwhgvZZ4AaABAg,@gunantoctp374,IYA SDH PADA TAU...YG DUKUNG2 EMBEGE ITU BAYARAN TERNYATA 😂😂,6 jam yang lalu,0,https://yt3.ggpht.com/H47_v6ytykHsipsZ7-BeMtwkhLiZxdR5uYUH-Qt7woXNhBFK4J2s85TiRRxX7KyvEgx-lVKkYpo=s88-c-k-c0x00ffffff-no-rj
UgzL9KrpGQhAycAIzgh4AaABAg.AYQstC7u4UEAYR7RYLzqfr,@Raden.Wijayaa,Rombongan ddjal mulai ngeftnah lagi,6 jam yang lalu,1,https://yt3.ggpht.com/YF3pT3dOhh9WdAmAhWZmSpaqKaUEUX6erSH53Jdj3V4RiztFmJud0vT5k-kdq6Z4U9rq0c1PnA=s88-c-k-c0x00ffffff-no-rj
UgzL9KrpGQhAycAIzgh4AaABAg.AYQstC7u4UEAYRO6kEhtlE,@MAHESA2187,​ @Raden.Wijayaa kok sewot..emangnya FUFUFAFA tu spa..😂😂😂😂,4 jam yang lalu,1,https://yt3.ggpht.com/P3SiPzMfGVwH2hG0bghmjUTHCGRzDPwE7TyzNqnzRgM_a48IOUNuI9WLopt1KAp0Bclqyg2bxA=s88-c-k-c0x00ffffff-no-rj
UgzauPILE6qsMn85H-x4AaABAg,@hambahallah478,"Omongan bapak ini tidak cocok sama kenyataan nya, buktinya bapak impor beras ke Vietnam dan siapura dengan harga 10 rb. Sedangkan rakyat bapak sendiri, bapak suruh belih beras di negara nya sendiri Indonesia ini dengan harga 15 rb....
Buktinya pajak bapak naik kan terus, apa ini bukan menyiksa rakyat sendiri",19 menit yang lalu (diedit),0,https://yt3.ggpht.com/tzbnuvGHLZgPK5C--Sas7HESl_kwwUlHQZr9bz4_pFCf_2vJd9tWBc1HymvAfg5HqiDNLDSENw=s88-c-k-c0x00ffffff-no-rj
UgzzdZd8XlqeQERhEh94AaABAg,@angelangel7348,Apa untung nya komen di youtube.,7 jam yang lalu,0,https://yt3.ggpht.com/ytc/AIdro_nATaj_XyZ449yTpyY9GNkkpedOEjet8B9ru95ikqwS3Mf-MXvcS1UlV0t6a5VEu6AwMQ=s88-c-k-c0x00ffffff-no-rj
Ugx0kIOfINIP94wtrl94AaABAg,@syef1461New,"mulai deh, manya-menye. kerja bapak udah bagus, plis jangan pidato lagi kedepannya",8 jam yang lalu,0,https://yt3.ggpht.com/ytc/AIdro_nnWyI9ZIwY8XwzFa-TgG_Z95jdIMXQuPsgareOa-NCcu6-s_gUG77pfFi_biP2zhc2jQ=s88-c-k-c0x00ffffff-no-rj
UgwpTfrbtnxTGxTSfZR4AaABAg,@Guevara-j6z,"Ternyata yg  bayar Fufufafa 😂😂😂
4 kali kalah,,yg terakhir menang itupun dg cara yg curang 😂😂😂",8 jam yang lalu,0,https://yt3.ggpht.com/ytc/AIdro_mW0HX8nY-Aegy1UXDgfTB3j4snP03S3Xy5MBGZkW1hUbbYoGKtw-0B2eroA56mHZ8mFQ=s88-c-k-c0x00ffffff-no-rj
UgxLSITCurYJgOaKzGt4AaABAg,@jecky1747,Jangan banyak omon2 pak.kl banyak omon2 itu tidak benar.bukti belum ada bukti nya dari BAPAK.jsngan jadi pemimpin pombohong,59 menit yang lalu,0,https://yt3.ggpht.com/ytc/AIdro_mEn5C4SYvgf_PqgnMonu1vMg4ZRqb0r2s1J4SB9Orb8w=s88-c-k-c0x00ffffff-no-rj
Ugzkzg04_33xspXjCpV4AaABAg,@dikartnollima1177,Menye menye mulu nih orang,9 jam yang lalu,3,https://yt3.ggpht.com/ytc/AIdro_kuiHZAQE-qr5jpP3cCkEce-zaZkfsbWMxCP41KUN08kw=s88-c-k-c0x00ffffff-no-rj
Ugx5krWLeqCiiRHOqXd4AaABAg,@jualmakananmurah7576,Yang bayar demo dukung mbg ya kamu wowo😂,6 jam yang lalu,0,https://yt3.ggpht.com/ytc/AIdro_ltIu98QW9aVmbqVxBW_IQi0xR-vFgzH-Rl4Tsb2VD6G1NqCdIv6pqabuAAW4pBrhtoAw=s88-c-k-c0x00ffffff-no-rj
UgyCiBdBqaU5VWxFbid4AaABAg,@aleksakera3448,"jangaN BanyaK bicaRa, tonG kosonG, menang dg caRa CuRanG diBantu si wie³ agén KGB RRC 
banyaK aLasaN yg di KaRanG dg ceRita kosonG",6 jam yang lalu,1,https://yt3.ggpht.com/ytc/AIdro_k61UtUsXQ6261DlxluUy_g9tc17PuhSYOIEyARb9D3Woc=s88-c-k-c0x00ffffff-no-rj
UgwjjzCHTJAkzDxKUSp4AaABAg,@HarisJumadi-k9n,"Gak usah gatek cocot e Prabowo, yg bayar jls2 Gibran wakilmu",6 jam yang lalu,0,https://yt3.ggpht.com/ytc/AIdro_kGJzQne4tLxXgvjd2qdB4-ZxFvdKrEml04CMC_OW9Qbpq0uVjTTkyvuZ_aG_JA0VwRMg=s88-c-k-c0x00ffffff-no-rj
UgwWRrVbdYLRp0ZWBVR4AaABAg,@EdhySunDoro,Yg bayar wakil lu wowo,8 jam yang lalu,0,https://yt3.ggpht.com/ytc/AIdro_lRynu6NIHqTA35TUZkMY41AjNDqlExB1xTUMRIZPLc8tE=s88-c-k-c0x00ffffff-no-rj
UgyUFdt3KaaPo8_Tem54AaABAg,@dopekilla6799,menit pertama aja pidatonya suram. pantesan IHSG anjlok tiap dia pidato,5 jam yang lalu,0,https://yt3.ggpht.com/ytc/AIdro_k2kyIbWVGC2agNpfODowFaLUydA-erkPdK5k07eKWoQG0=s88-c-k-c0x00ffffff-no-rj
UgzlxSOxMI4QT-f7zeR4AaABAg,@Mrjek-e3t,Yang bayar demo si Samsul asam sulfat,7 jam yang lalu,0,https://yt3.ggpht.com/ytc/AIdro_lCcLaQxWcvI2EGO1Yx8JghVogwuIvweQtKO2WljVQO8Z9U-9WIqXep9b4I_4RwnbLfMQ=s88-c-k-c0x00ffffff-no-rj
UgzPRpsEt1IFp1hEa2x4AaABAg,@hanekasatria4545,Pidato macam apa njir kwkwkw😊,8 jam yang lalu,0,https://yt3.ggpht.com/ytc/AIdro_mwOXtk0atFPADOsyWNdMhS7m7d3wUWsS4Q_N6I9WCWPg=s88-c-k-c0x00ffffff-no-rj
UgxKlx0JJb5hHO0Xmb94AaABAg,@AwaludinUdin-z4i,banyak omon omon doang,9 jam yang lalu,1,https://yt3.ggpht.com/ytc/AIdro_n0P3r2dt_xOW7IMpld2RrxGBWw0u14CCrewTD_k6rGgh-rAJJjEjQc9tcAQhDqX28vZA=s88-c-k-c0x00ffffff-no-rj
UgxUjxuh3isbeFWhVGF4AaABAg,@yayukyuk5496,Saya tau yg bayar fufufafa,4 jam yang lalu,0,https://yt3.ggpht.com/ytc/AIdro_kXPpC91hWBfq9kR4J1VteYD5pZC7CaWzeH_gaYjVNe4rdWPt3VI-qtFVO3abjvzqNChQ=s88-c-k-c0x00ffffff-no-rj
UgyFxLrs9YeeoCTF7754AaABAg,@ruslanruslan6504,𝚈𝚐 𝚔𝚎𝚝𝚎𝚖𝚞 𝙶𝚞𝚜 𝙶𝚒𝚋𝚛𝚊𝚗 𝚗𝚐𝚊𝚔𝚞 𝚍𝚒𝚋𝚊𝚢𝚊𝚛 𝚝𝚞𝚑 𝙿𝚊𝚔.. 𝙶𝚒𝚖𝚊𝚗𝚊 𝚙𝚎𝚗𝚍𝚊𝚙𝚊𝚝 𝙱𝚊𝚙𝚊𝚔.. 𝙴𝚔𝚜𝚎𝚔𝚞𝚜𝚒 𝙿𝚊𝚔 𝚓𝚗𝚐𝚗 𝚗𝚐𝚘𝚖𝚘𝚗𝚐 𝚍𝚘𝚊𝚗𝚐😅😅😅,2 jam yang lalu,0,https://yt3.ggpht.com/ytc/AIdro_kMYxzuoALeklp701_RTTqcGyDmQBNx8RUq7hexDYiJAbjeefA32v6O8iwKUH_tJvomYg=s88-c-k-c0x00ffffff-no-rj
UgzDtPzra6ZlN5RZS7p4AaABAg,@GetrukPelenoy,"wuuuuaahhhh.. ngantuk nih bisa tidur pules..walau Dongeng nya itu itu mulu..

nyalon 4 kali..
Arah yg salah...jadi yg bener itu ngubah garapan Warga jadi lahan Sawit..di garap perusahaan...gitu  tujuan yg bener..

ngomongin betas tapi Sawit yg di utamakan..",8 jam yang lalu (diedit),0,https://yt3.ggpht.com/ytc/AIdro_lZDaSyPsFEnFop4oXGNf8wd_f3oeZgSdHRda5yzbTMLI4O52nxmliE1UE3aqdj0tFXKA=s88-c-k-c0x00ffffff-no-rj
UgzndOVeRaXyiWo-a9J4AaABAg,@SugiyantoSukorejo,Dengerin Gibran Prabowo itu nyinder kamu kaluk mau tau karena kau telah mbayar demo nyuwap ubk tolong pahami ucapan prabowo,8 jam yang lalu,0,https://yt3.ggpht.com/ytc/AIdro_kN0vHjIDhTA7B0t2l-8jw4du0Fp3Q4NWDxREtZ0wG6prM4O5dykKEJAxt14lhBl9HMMQ=s88-c-k-c0x00ffffff-no-rj
UgyfFhZZFVzwbNhcyGZ4AaABAg,@ZainalAbidin-s4k,Sehat slalu pak Prabowo Subianto rakyat bersama mu,8 jam yang lalu,4,https://yt3.ggpht.com/ytc/AIdro_ni15GnoZxZFWAgO4lmNU1XWIwSokqzB1FbX2yZ1LOfGC0NIraLSZ10Aljb8WGjsHzlfQ=s88-c-k-c0x00ffffff-no-rj
UgwEXgVs_3kUk3kRm4d4AaABAg,@dopekilla6799,menit pertama aja pidatonya suram. pantesan IHSG anjlok tiap dia pidato,5 jam yang lalu,0,https://yt3.ggpht.com/ytc/AIdro_k2kyIbWVGC2agNpfODowFaLUydA-erkPdK5k07eKWoQG0=s88-c-k-c0x00ffffff-no-rj
Ugzkzg04_33xspXjCpV4AaABAg.AYQrnDpAvmCAYQxwNfCMC-,@marifullahaja107,"Kayanya ini nih org yg memprovokasi, mendanai",8 jam yang lalu,0,https://yt3.ggpht.com/ytc/AIdro_kmRGUQKBxsTBBQQ2Dt0eQnE4eP1hQiW-s0uZlLrwo=s88-c-k-c0x00ffffff-no-rj
UgyXSp4g4BztZsNSPzh4AaABAg,@RayYandhie,"Omong kosong ,,tunjukan kalo memang ada yg bayar,,karena kami sebagai rakyat merasakan dampak kepemimpinan,bahan pokok mahal,BBM mahal,hidup semakin sulit lapangan kerja susah,, dan Demo ini lahir dari kebijakan yg salah bukan di bayar ☝️🎉",8 jam yang lalu (diedit),0,https://yt3.ggpht.com/ytc/AIdro_kgeb3tvIBGrdY-IdjHykSG-MSKpwcehWUAO3_O6TXPgadO46BAk4RkoG8qNgXDJBfHxg=s88-c-k-c0x00ffffff-no-rj
UgwCMTXlfFvbpABp2zJ4AaABAg,@JemJem-rz3bh,kocak masih aj ngomong bgtu lihat di metaos bgooooo smemuanya sdh demo,4 jam yang lalu,0,https://yt3.ggpht.com/p2zDFS5USq_J6qQ6XdxxN6Ynm5rX8c5ycEF27RzPlLxIKiEyylouHb5IhERZ4y-L0BH8ssU2=s88-c-k-c0x00ffffff-no-rj
Ugw0aTMeFvJbvHhqOdd4AaABAg,@rambemanis9445,"Omon2 wowo, orang2 wowolh paling yg suap2 demo itu😅😅😅",8 jam yang lalu,0,https://yt3.ggpht.com/dBVGeSXbT1gq3L8hArdtzmfjdAtnTo7s3pqCZajH7heV22D20uOLksHVzsqyC1rbu9ZdCtE3cw=s88-c-k-c0x00ffffff-no-rj
UgyEHauviiNs8VEDTbF4AaABAg,@pagehastawa2664,Tukang omon omon males dengerinya,6 jam yang lalu,0,https://yt3.ggpht.com/ytc/AIdro_kvbtTnSib7sZ8unyXGBaXdCu1QEHUOmM0J_vmGOMefsdIjo3XP0JRi_xplBMKba99Xow=s88-c-k-c0x00ffffff-no-rj
UgyPqdrsCQSosDz1bmV4AaABAg,@Fen761o,"itu kan demo yg dukung mbg, 100rb+wajan wo.adalagi mahasiswa di sogok parcok jutaan rp untuk ketemu fufufafa jangan pura2 keras kepalalah",8 jam yang lalu,0,https://yt3.ggpht.com/ytc/AIdro_mA2AVFV-qavNRylO-8a4Gy-Z6PmCR1F_ZClH9D2RWiGO4aLpoBwvnFubP3fe06ChSeLA=s88-c-k-c0x00ffffff-no-rj
UgyPt9q-v_JJFiASOfN4AaABAg,@rizkimaruf5744,Ni org sehat ga sih otak nya?,6 jam yang lalu,0,https://yt3.ggpht.com/ytc/AIdro_kJs-Psz1qZiYEBtclksWwwzWrjMS1m8ghim0JUUHmL0vc=s88-c-k-c0x00ffffff-no-rj
UgyXVoiWlSvy571LbWd4AaABAg,@AhmadZaenalMuttaqin-m8y1j,siap² rupiah dan IHSG nyungsep lagi,7 jam yang lalu (diedit),0,https://yt3.ggpht.com/WxK5gil9riQ7sBFznPJKOM2zgJlP6nZFI4fBVU5qoMynfUlgMAmRbNHMTeQqVkroKgrdvAo8OQ=s88-c-k-c0x00ffffff-no-rj
UgwDTHIn4-DTRbTL_Jt4AaABAg,@BudiBudi_34,Demonstran pendukung MBG kemarin ya wok yg di bayar 100ribu dan di beri wajan🤣🤣🤣🤣,8 jam yang lalu,0,https://yt3.ggpht.com/ytc/AIdro_ncWjF6ELdgcuIjcujQyuEZTAeeGPZ80mMWsDh6pOqDtSqYtvfyOWPvp61gMoyzrzthrw=s88-c-k-c0x00ffffff-no-rj
Ugy7Be7r8EcCs355Tbx4AaABAg,@YunusSitompul-d2h,"Kalotau tangkap pak,jangan omong doang.",1 jam yang lalu,0,https://yt3.ggpht.com/ytc/AIdro_l_C19Jsbde4qHCLM1XVZ_nSvdFGbKu_qQClxuTXl4_xZ-dn43AHADrvwf4kW35xk71gA=s88-c-k-c0x00ffffff-no-rj
UgxGQSGHEtF1dQH2E-h4AaABAg,@nabilnazmi1668,SAKING BANYAK NYA MANIPULASI KONGKALINGKONG DAN MASRAKAT JUGA TIDAK PERCAYA SAMA ELIT OLIGARKI.JAMNA S BAKRI ITU YANG MENINDAS PETANI.,3 jam yang lalu,0,https://yt3.ggpht.com/ytc/AIdro_nfsRMcdQ-VFoiGqSem9tOD6dD-rK6_7_L87-oT8m-LZ9_Zz1QPLPwPCuXy3MEW6JluRA=s88-c-k-c0x00ffffff-no-rj
UgzSz0tMTXDBZEkF8D94AaABAg,@fahad911-z3j,Curhat terus capres kalah 4 kali,7 jam yang lalu,0,https://yt3.ggpht.com/ytc/AIdro_m6RtWngVeZ3lwUuYxr1SEJ1BKnXrR3Aij5xQ-SEw5KatqwDHiCHsWbFeogmtj2G9Qqqw=s88-c-k-c0x00ffffff-no-rj
UgwI0_u_eac6BlZ3XFZ4AaABAg,@SRIMULYONO69,Lu sendiri yg bayar 😂😂😂,5 jam yang lalu,0,https://yt3.ggpht.com/HZ5mlCOuzjrw94gM35pi1f4JncPaaGzWccxN-Z2utvYd26TGDJk0WLaDuFD8Ua5__qO9X3rP=s88-c-k-c0x00ffffff-no-rj
UgxiW6rQxn17ugOyFSB4AaABAg,@rambemanis9445,Dia lagi ngebacot wo wooo😅😅😅😅😅,8 jam yang lalu,0,https://yt3.ggpht.com/dBVGeSXbT1gq3L8hArdtzmfjdAtnTo7s3pqCZajH7heV22D20uOLksHVzsqyC1rbu9ZdCtE3cw=s88-c-k-c0x00ffffff-no-rj
Ugx95LDD4cVy6c5ZMoZ4AaABAg,@Diki-sp6km,Omong kosong tahu semua tp tidak bertindak,5 jam yang lalu,0,https://yt3.ggpht.com/ytc/AIdro_nsY7Wz66Qkthpw8X7S-QjH6rLsZ8W4MCt8yLMHraVlOilDEr_euLO-DWFfReOv4gst5w=s88-c-k-c0x00ffffff-no-rj
Ugzq9u2luKNj6pG97mx4AaABAg,@Rogese1976,.kalo sudah tau.ayoo di tangkap dong.karena Gibran anak jokowi.anda takut menangkapnya,5 jam yang lalu,0,https://yt3.ggpht.com/ytc/AIdro_nBiBza47xrVI22HQqbI5vVMSjOKCrypMV0wpODLhDTVe4Nl2G7EKpFmagMA2FW4bucAg=s88-c-k-c0x00ffffff-no-rj
UgxtgSb3c4qo4rbnlx94AaABAg,@suaramanusiamerdeka,Fufufafa yg bayar😁,8 jam yang lalu,0,https://yt3.ggpht.com/2Fc9pfPSWCzB6sdmA9viR3egZ1aECjGs7jQbxOhBF-amkypnRNL4wZle-V1v1Te3Vc4hAZPl4_g=s88-c-k-c0x00ffffff-no-rj
Ugykxa1QHarGHiReqHd4AaABAg,@DahliyantiYanti,Omongan. Pemimpin Kya tukang obat.  GK ada wibawah yah miris pdahal beliau dulu idealisme ...,7 jam yang lalu,0,https://yt3.ggpht.com/ytc/AIdro_kK07Ml9vtMhUDmL2eWHI4BOxbxTq0RlbBs28dRVwpfsA3IgJAJj3zvCLBlnO6T9Ui8Dg=s88-c-k-c0x00ffffff-no-rj
UgymRs8jKIlFPsUMKpx4AaABAg,@tanjungzaher1242,Jangan ngomong aj  klu Thu yg bayar demo sikat aj bos.. gak usah banyak ngomong lah,8 jam yang lalu,0,https://yt3.ggpht.com/ytc/AIdro_mb4bwrdpedJ6wvVVG5bYLkHQn1mMgwCBn8wKqrg1U=s88-c-k-c0x00ffffff-no-rj
Ugz20yNp2LdpZJcxp2R4AaABAg,@gap618,Menye2,6 jam yang lalu,0,https://yt3.ggpht.com/s4ow4fqjPZjEYP1soRLlE_E29sWwgzAhZQbe1Zf9EHtMgkDPvWZ180VwTDJKueeScPXDuDDxjg=s88-c-k-c0x00ffffff-no-rj
UgyJpTesgD8rxnkjcPx4AaABAg,@andhyal-bugisi5964,Omon2 itu,4 jam yang lalu,0,https://yt3.ggpht.com/agMgllqLWpjDdu0k1Dt8IOFclgp91WqdgshZPGCyUXNx-5V_zFXqk-1JXY6zbsDpVSHNvHLldA=s88-c-k-c0x00ffffff-no-rj
UgzA-sIjIjO3wkI7a-t4AaABAg,@ozieaja5020,"Bosang dengar gogngonganmu ,  itulah efek dari orang yg sering kampanye, sudah menjabat pun dia menganggap dirinya kampanye.",8 jam yang lalu,0,https://yt3.ggpht.com/ytc/AIdro_mz3lF-9s9SXWu81UM0acUIC0K3_wUG1t2jAdQbfhk=s88-c-k-c0x00ffffff-no-rj
Ugzo37EZjzWzG_JYN654AaABAg,@DonoNasgor,Omon omon doang,6 jam yang lalu,0,https://yt3.ggpht.com/ytc/AIdro_koRtQTuIwjQ4FP3RZVg1uE66PaOdUeqFgH8lWkw-1bt37GjlJuRBJ7yTL7l5mFm3VeNQ=s88-c-k-c0x00ffffff-no-rj
UgxHkA6XXxhIeRsxXqJ4AaABAg,@ariffirmansyah2751,Wong bento kok isok mimpin negara,3 jam yang lalu,0,https://yt3.ggpht.com/ytc/AIdro_lqULl_zl4kd2Kqu-NGfQAeRgktPwzB-Z0A1Snc5T96-MRs7PMnyyGHCmsAyOOuHNpt5Q=s88-c-k-c0x00ffffff-no-rj
UgwyXn40SWsUNSw4k2B4AaABAg,@onedhzulmy3326,Ternyata wakilnya sendiri yg bayar😅,9 jam yang lalu (diedit),4,https://yt3.ggpht.com/ytc/AIdro_nQjiO8LhuK7cfzd-dXN_V0ECmIZgXG0FlQ-NH3Cic=s88-c-k-c0x00ffffff-no-rj
UgxTGqwzmQMF_Qf22kt4AaABAg,@palakenhitam6687,Raja culik thn 98 apa gak tau,9 jam yang lalu,3,https://yt3.ggpht.com/ax37S8DtObg_oc6nZ6bCVuTIwamp-whGyUq9-FM24VBH3GMfc2nSky6mGeAKnsKIKdtIOetrgQ=s88-c-k-c0x00ffffff-no-rj
UgyI90SJcioY-zVt3z54AaABAg,@mayasusilowati9639,Yg bayar si wapret  cs ffff4,7 jam yang lalu,0,https://yt3.ggpht.com/ytc/AIdro_kHlgzwKOtaIQIN4L22xi2uBAfcsqqM1Ab9qOLZjTo=s88-c-k-c0x00ffffff-no-rj
Ugxb9u9PzYhilyd0tYZ4AaABAg,@MuhMasduki,"PDIP dn asing + antek2ny jangan tersinggung 🤣🤣🤣
❤🇮🇩🇮🇩🇮🇩🇮🇩🇮🇩👍👍👍",8 jam yang lalu,0,https://yt3.ggpht.com/ytc/AIdro_m-wvAwKyNneCMdoErnw329VPrjfATdBmyawkiFTmB0Tmcb0mbPWFH98RzurWL1m0u29A=s88-c-k-c0x00ffffff-no-rj
UgxGdIbTyKBsBPQzusF4AaABAg,@anakbagus9210,"ITU JELAS MHS KEMARIN YG KETEMU WAKIL LU DIBAYAR 20JUTA PERORANG 2 - 2,5 JUTA PERORANG",6 jam yang lalu,0,https://yt3.ggpht.com/li3r_pvdioiTA2rOdzJXLWZAjMmrjbSyDbhhpd8-j5OvQP4T2_5cLf6SH2jHW-lp21VCasWLcQ=s88-c-k-c0x00ffffff-no-rj
Ugxr9cqZDssPHbeSU8J4AaABAg,@pegasusautoworks4818,Maanntaappp Pak ...,8 jam yang lalu,2,https://yt3.ggpht.com/w_4E4Qp7oDjBwL3PfWaMpEXDIMQInE6mCN7_peEikth6KAuREir5wD3F2xeTMe571rfb7aUHKg=s88-c-k-c0x00ffffff-no-rj
UgzBoIQwHAsFOWoG5Np4AaABAg,@starinthedark1,Kaya tukang obat,8 jam yang lalu,0,https://yt3.ggpht.com/ytc/AIdro_k6KCWwWWazZDPw7N6gHc5MygbBe9lzbV1nJ1lrTtK3sBtiA9u7vvUL0-Qe0H9JOGkVZw=s88-c-k-c0x00ffffff-no-rj
Ugwm3z6kA8jI7ysl-Bt4AaABAg,@Safri-z3r,Prabowo 2 periode.,9 jam yang lalu,3,https://yt3.ggpht.com/ytc/AIdro_mJWnsy-4D0HHK7e70lAjKZZtXkBBcCBOJGArgGB83flQAgJc3mP46709hKr12KPbfx0A=s88-c-k-c0x00ffffff-no-rj
UgzZODwcctJnvBU6vpN4AaABAg,@goldcoin00733,Ada ada saja ini pleciden...orang demo nuntut perbaikan ekonomi kok bilang tau siapa yang bayar...biar di kira kehidupan sedang baik baik saja gitu ya..,9 jam yang lalu,2,https://yt3.ggpht.com/ytc/AIdro_nHKGtG6kqJeto6Y_AAFyDwLEBBYfoV9tH0Co_O1tQf6nytWH5bdjJNNXhuwkq6MaahnQ=s88-c-k-c0x00ffffff-no-rj
UgwagzUSg21za06FeRB4AaABAg,@habibiunbin,Lawak,5 jam yang lalu,0,https://yt3.ggpht.com/cjalaTHQY83ipyENmtMIE3vXnwZWWM88e665J8MqJpcNILFfuI3q32cDJUkZBhAd6msef3nNeA=s88-c-k-c0x00ffffff-no-rj
Ugz4wL77dRUrKDcSQlF4AaABAg,@iwanheryawan4642,pidato lagi.....:face-purple-crying::face-purple-crying:,8 jam yang lalu,0,https://yt3.ggpht.com/ytc/AIdro_k1mIK5lytieK4U6g0E6wSYIwhVdsdWGgYby8MgodZ-PwE=s88-c-k-c0x00ffffff-no-rj
Ugy8Jo6Ua_sR9detHAR4AaABAg,@ErvansusantoErvan,Ngomong tok🤨,7 jam yang lalu (diedit),0,https://yt3.ggpht.com/WTOZtuEuhpz0HS9lM9s-MUxEo46A5sMZ-94cHfFBcW7bgYb6-BvyCyIo1lVMZGDiHvtu-kBIbA=s88-c-k-c0x00ffffff-no-rj
Ugxm96DrnoifoSdTQAV4AaABAg,@iwane7,aneh setelah jadi plecident,9 jam yang lalu,1,https://yt3.ggpht.com/ytc/AIdro_kK91sI-ttgvbVbHs_3YRKHWttzo4vPcj2-Ks491sO8OA=s88-c-k-c0x00ffffff-no-rj
UgzrA86ReMvZcR5miKp4AaABAg,@Sepatupriakeren,"Maju terus pk prabowo
3 periode",9 jam yang lalu,1,https://yt3.ggpht.com/ytc/AIdro_nn2r27xgt-QLsA4NOafS588bIhGJEP80r8XEC4pJEMwtmsmIosL5hG9gzQ2AyEbG8G0A=s88-c-k-c0x00ffffff-no-rj
UgzEra_leGGObPUKTYt4AaABAg,@eddyhidayat2825,Gaberrrrrr,7 jam yang lalu,0,https://yt3.ggpht.com/ytc/AIdro_n56I_3_GbZLckG6Hcs3Brk1IhFqza3oDiFLyVeL28=s88-c-k-c0x00ffffff-no-rj
Ugy9Psjmf3L9C7-03Ut4AaABAg,@tombosugito3081,Tetep dukung pak Prabowo. Demi kebaikan dan kemajuan Indonesia,6 jam yang lalu,0,https://yt3.ggpht.com/ytc/AIdro_nU87qArQ3ZZT9BD9ii9P5-63DE_8g8zjsrlC4JYBc=s88-c-k-c0x00ffffff-no-rj
Ugz_t7uTGMJIXZerPhd4AaABAg,@TaufikHidayat-c9n,Ngomong doang gede hasil NIHIL,2 jam yang lalu,0,https://yt3.ggpht.com/ytc/AIdro_laeprnjeHjiSdCtkIY5ZekgChoopKGcpUw4d6SjxNavZDbGCmy_rqh6gzdnVcZjWhtBQ=s88-c-k-c0x00ffffff-no-rj
UgwyXn40SWsUNSw4k2B4AaABAg.AYQst9tuMlXAYQvUa__Hpk,@zainurkhotib3137,Gak usah sok cerdas. Belajar politik aja kalian gak pernah. Kasus mahasewa kemaren itu oknum alumni bersama oknum polisi nyuruh demo ke dpr dan di bayar 20 jt,8 jam yang lalu,1,https://yt3.ggpht.com/ytc/AIdro_kuuBO64PZkSkupLSnXKoaV6bFOBZ-2kZ0VJ7AwknV8W30w8hu5b-uB8gX3c6Gf55Avzw=s88-c-k-c0x00ffffff-no-rj
UgwyXn40SWsUNSw4k2B4AaABAg.AYQst9tuMlXAYQwBwpZZ7z,@onedhzulmy3326,​ @zainurkhotib3137 jd yg bayar siapa?asing?,8 jam yang lalu,0,https://yt3.ggpht.com/ytc/AIdro_nQjiO8LhuK7cfzd-dXN_V0ECmIZgXG0FlQ-NH3Cic=s88-c-k-c0x00ffffff-no-rj
UgwyXn40SWsUNSw4k2B4AaABAg.AYQst9tuMlXAYQxrVpW6S1,@BlueRy-g9j3i,berarti anda gk tau namanya mengayomi walaupun cuman segelintir,8 jam yang lalu,0,https://yt3.ggpht.com/UrdMprqvTSvlNfGPBHLkLUpVVcNw3dNdSFh2Vqpggiv6L9chlPmYGo6sDxFcek8RE1KC0B3f=s88-c-k-c0x00ffffff-no-rj
UgwyXn40SWsUNSw4k2B4AaABAg.AYQst9tuMlXAYQygXezqXo,@onedhzulmy3326,​ @BlueRy-g9j3i jd yg bayar siapa?,8 jam yang lalu,0,https://yt3.ggpht.com/ytc/AIdro_nQjiO8LhuK7cfzd-dXN_V0ECmIZgXG0FlQ-NH3Cic=s88-c-k-c0x00ffffff-no-rj
UgzjJWPAERMYlzf5NNV4AaABAg,@srimualifahpebryani7719,Ngomong doang prabowo.,8 jam yang lalu,0,https://yt3.ggpht.com/ytc/AIdro_nbdApdrzNbC7ZYHSqIPEGND907l0ChF00r2VZV9SGoDrU=s88-c-k-c0x00ffffff-no-rj
UgwPzmoplQugw84KkUp4AaABAg,@KAIZENeksplor,"Malah Cari kambing hitam, padahal harus mikir evaluasi, program ini usdah benar ap blom pelaksanaannya, inflasi dan pemotongan2 di daerah2 ini ap hasilnya.",8 jam yang lalu,2,https://yt3.ggpht.com/-mHGfSgXbH6l7LudJf45eMttdiDEE6zcSWGMhY0IUncsx9enJrVezGp1Xpt-UEOIY7jL9RHDBow=s88-c-k-c0x00ffffff-no-rj
UgxllQ-nSJph0jnNr7R4AaABAg,@muhamadrizalzal8951,Ini orang cuma pintar berpidato... Tetapi kinerja nya dan para bawahannya sangat kacau ..dan kebanyakan omon kosong,9 jam yang lalu (diedit),2,https://yt3.ggpht.com/ytc/AIdro_m_zB3b-vEw3IFY_-gIa9fgx7WTtPt4jOAhtU6LRkmzQUxN7UR9wCwxMs9an8Z7sCRZHQ=s88-c-k-c0x00ffffff-no-rj
Ugw5umeeC9EXlGTnobx4AaABAg,@pikachu_pokemon,"Tenang pak prabowo, saya di sini....saya yg bayar demo mahasewa
🤣🤣🤣🤣🤣🤣",8 jam yang lalu,1,https://yt3.ggpht.com/ytc/AIdro_myTmMuy9ffUbi81ytjr79_kaiP9rQw7yxgkK2b5pSiQQ=s88-c-k-c0x00ffffff-no-rj
Ugz5d2-fys4T28_x5sJ4AaABAg,@adhywibowo7777,Gibran itu 😂😂😂,9 jam yang lalu,1,https://yt3.ggpht.com/ytc/AIdro_lO1bg78qyz0HR_ZIH8s5qeSfzYr9fVSd1DukOaqgMnQ42rwYpPYWufcdbL9Z9Zby0O7g=s88-c-k-c0x00ffffff-no-rj
UgxsEZst5Ns2nQl4my14AaABAg,@JunZuriati,Lebih baik prabowo lengser dari pada ngra hancur,8 jam yang lalu,1,https://yt3.ggpht.com/ytc/AIdro_l8eo8-U6Hq182HvGSivhWsfhg3pOCinNGPXomA3iYdj_2Aq9hR3pP-TUmOw-mA8K_Hzw=s88-c-k-c0x00ffffff-no-rj
Ugxapuo8rZsusigAECd4AaABAg,@kenshinhimura4677,Prettt prettt,7 jam yang lalu,0,https://yt3.ggpht.com/ytc/AIdro_msAs6xgKctADfMiYxiOBfairyILzBJIIyBexw06XOawvs=s88-c-k-c0x00ffffff-no-rj
UgzHxcFtHg-Y14kyeat4AaABAg,@paphzy,Ayo tegas pak ❤❤,5 jam yang lalu,0,https://yt3.ggpht.com/ZeFdfQ0JpXTIlUK_7hwWqoR7bXn025qtfxgJ_yqBpyAxKuWx-kHKONMUOPz1wzew5tTwaesNOQ=s88-c-k-c0x00ffffff-no-rj
Ugxb6Ituu7DBpAkFbk94AaABAg,@MohorMuhamad,"Kenapa hanya bisa tegas ngancam2 ke masyarakat yang telah memilihmu, kenapa tidak bisa tegas dan tidak bisa beri hukuman berat sama pejabat2nya yang tukang korupsi, lihat koruptor semakin merajalela di mana2.",8 jam yang lalu,0,https://yt3.ggpht.com/ytc/AIdro_m5DHdJOQs40hzoitGNZg5x-fmV6OYmJoszNAslGR0idT_rVnRjRUDprHsTC8XFm7CrIA=s88-c-k-c0x00ffffff-no-rj
UgzaMQcnVLCGK2TNz4B4AaABAg,@chungyomanyoman9067,"di demo.. ya karna ada alasan..nya..
emang jelas... fakta.. negara ekonomi hancur sejak kau pimpin Wo...",8 jam yang lalu,1,https://yt3.ggpht.com/ytc/AIdro_lh_r-_KZq1ed-ypyWVf8nzmmQMorD2L9puxBis4Sk=s88-c-k-c0x00ffffff-no-rj
Ugzr0LeHMI6-oPFO5sd4AaABAg,@senyumanterakhir8141,"😂😂😂😂Orng tua ini blum sdar dgn klakuannya sendiri yg bikin rakyat mara,Seandainya masyatakat indonesia tgl smua di jakarta maka bisa dipastikan minimal 70% rakyat akn turun demo ke istana",9 jam yang lalu,1,https://yt3.ggpht.com/RHwwLjnTuSArKbtBycS2gQ5cYI9OnBRztoi7inEllpi8DheL9CrWAI_yZ3jIR8e35LtjorNrYw=s88-c-k-c0x00ffffff-no-rj
UgxZeVn769HMF3chdxZ4AaABAg,@triseo8885,Omon omon,9 jam yang lalu,1,https://yt3.ggpht.com/ytc/AIdro_mJRHZcCGpeXmZIYIzuboqUH57HPb8vLH0C_Qj9DCFgj7gd=s88-c-k-c0x00ffffff-no-rj
UgyPZiwCH8u3qxNfeeJ4AaABAg,@girastomang9663,"Boong aje wo ditanya demo mahasiswa ga ada yg tau mau demo apa, ente nih kadang kadang",9 jam yang lalu,1,https://yt3.ggpht.com/ytc/AIdro_khQwdKiDcV8SLpIruknxI4sOZBYAe8V5lUb99WyWk=s88-c-k-c0x00ffffff-no-rj
UgyKq1k2x9VoQVPorjh4AaABAg,@Konang69,"Karena ambisi kamu gede bapak...
Bukan nya demo itu aspirasi rakyat..kok di bayar",8 jam yang lalu,0,https://yt3.ggpht.com/8DFKzaf-OkhAPRM6-WAejbEDCaNGrwX2sGwCX8-Eu5zy0PwanV4SJZJWrNMXqvUvnhjGKKSN=s88-c-k-c0x00ffffff-no-rj
UgwRX584EHXDHjFZOyF4AaABAg,@Yudiyudi816,"Hebat ny hanya omon""...putar balik vakta dan tipu"" sudh biasa",8 jam yang lalu,0,https://yt3.ggpht.com/R8GQdJ68rEm9aIBq5fuppImE6KDRv_ZYQ9WbQEsi1BiWKVkGrq0qF5LhgF-OVOOMRWOJRmuT=s88-c-k-c0x00ffffff-no-rj
UgymtPgaYYy1yI-EPgB4AaABAg,@muhamadapwandi827,"Wowo...cuma bisa omon omon doang, ga ada bukti janji janjinya untuk kesejahteraan rakyat, malah bikin MBG yg makin menghabiskan uang negara'. Hancur negara ini di pimpin orang Pandir.",8 jam yang lalu,0,https://yt3.ggpht.com/ytc/AIdro_nO5_AnrR5wC3yikrkeRVMEqqK2JYLnvMQub5cKxd-mCQNDacSpJv5wGRkTMh4pgO6TqQ=s88-c-k-c0x00ffffff-no-rj
UgwPzmoplQugw84KkUp4AaABAg.AYQuZwpGKu5AYQy6ZoCZgb,@RabainaSpd,Benar ...bukannya mrespon isi demo malah mncri alasan lain....parah ni mbah wowo,8 jam yang lalu,0,https://yt3.ggpht.com/ytc/AIdro_l-WPruEngifbfolAJ9ooMYouWRIljSLSUdcbFXhpBKLR2w067aQRcH7LDc0zzrTdX9yg=s88-c-k-c0x00ffffff-no-rj
UgxllQ-nSJph0jnNr7R4AaABAg.AYQsjlf2nXLAYQyf0Xaz9Q,@RabainaSpd,Kayak lagi kompanye...,8 jam yang lalu,0,https://yt3.ggpht.com/ytc/AIdro_l-WPruEngifbfolAJ9ooMYouWRIljSLSUdcbFXhpBKLR2w067aQRcH7LDc0zzrTdX9yg=s88-c-k-c0x00ffffff-no-rj
